definition,count,tween_mean_ns,direct_mean_ns,tween_error_99_9_ns,direct_error_99_9_ns,tween_ns_per_target,overhead_ns_per_target,ratio_of_means,tween_allocated_bytes,direct_allocated_bytes,completed_work_items,lock_contentions,direct_completed_work_items,direct_lock_contentions,rank,extreme_cost_outlier
GeometryInstanceShaderParameter<Single>,100,135682.34126984127,4498.636554118773,571911.0964817001,86.1381121683201,1356.8234126984128,1311.837047157225,30.16076974380513,1,0,0,0,0,0,1,true
CanvasItemInstanceShaderParameter<Vector4>,100,123840.58641975309,11086.649734982333,16500.36571747056,226.99170647555724,1238.405864197531,1127.5393668477075,11.170244337114022,3201,0,0,0,0,0,2,true
CanvasItemInstanceShaderParameter<Vector2>,100,105119.44444444444,9834.445096504955,351497.5283089765,457.2924798575911,1051.1944444444443,952.8499934793948,10.688904499736608,1,0,0,0,0,0,3,true
GeometryInstanceShaderParameter<Double>,100,94359.56439393939,4528.351777939042,21851.904778639575,33.36028338264117,943.5956439393939,898.3121261600036,20.837507557083963,2401,0,0,0,0,0,4,true
PathFollow3DProgressRatio,100,79491.30747126437,41151.15131578947,1492.6607796609471,555.1391189259201,794.9130747126437,383.401561554749,1.9316909716876862,1,0,0,0,0,0,5,true
GeometryInstanceShaderParameter<Vector3>,100,77781.05158730158,10718.599914236707,7729.419515207577,655.7042533461009,777.8105158730158,670.6245167306488,7.256642864707627,1,0,0,0,0,0,6,true
GeometryInstanceShaderParameter<Vector4>,100,77766.76136363637,11190.068087625812,7259.862195924323,1119.2443360060859,777.6676136363636,665.7669327601055,6.949623608602732,1,0,0,0,0,0,7,true
GeometryInstanceShaderParameter<Vector2>,100,76574.9053030303,9903.752628811777,31750.925507709646,180.19027508836837,765.749053030303,666.7115267421852,7.731908113320631,1,0,0,0,0,0,8,true
PathFollow3DProgress,100,75928.02419354838,37653.17520080321,4091.3204649418094,988.7048740747183,759.2802419354838,382.74848992745166,2.0165105276945856,0,0,0,0,0,0,9,true
GeometryInstanceShaderParameter<Color>,100,75882.76515151515,11051.976965962442,8135.289690905209,77.89387509204204,758.8276515151515,648.3078818555271,6.86599016494666,1,0,0,0,0,0,10,true
PathFollow3DVOffset,100,74082.6171875,35176.29219409283,2621.072629793267,906.0062924383674,740.826171875,389.06324993407173,2.106038259482639,0,0,0,0,0,0,11,true
PathFollow3DHOffset,100,73661.51960784313,35961.75766283525,934.0331218198234,1381.9482329110253,736.6151960784314,376.99761945007884,2.048329236253343,0,0,0,0,0,0,12,true
GeometryInstanceShaderParameter<Int32>,100,73432.2318007663,4539.3656265118525,8687.139460580793,5.088230081951593,734.322318007663,688.9286617425445,16.17676077289091,0,0,0,0,0,0,13,true
ControlOffsets,100,67514.60573476703,31157.18680089485,1478.6529255450366,277.21140038274115,675.1460573476703,363.5741893387218,2.1669031342979905,0,0,0,0,0,0,14,true
CanvasItemInstanceShaderParameter<Color>,100,55709.6450617284,11487.039152955515,16812.198622453,263.3844394557712,557.096450617284,442.22605908772886,4.8497828134758985,1,0,0,0,0,0,15,true
CanvasItemInstanceShaderParameter<Vector3>,100,55338.39285714286,10874.008969907407,1846.2341987725638,355.4437014458813,553.3839285714287,444.64383887235454,5.089051610154601,1,0,0,0,0,0,16,true
CanvasItemInstanceShaderParameter<Int32>,100,55296.31696428571,4620.191715903496,3343.9251761731944,48.099103610863516,552.9631696428571,506.76125248382215,11.968403123607677,1,0,0,0,0,0,17,true
ControlGlobalPositionY,100,54265.755208333336,17244.559228650138,613.965152023406,904.0916965390643,542.6575520833334,370.21195979683193,3.1468334150388793,0,0,0,0,0,0,18,true
CanvasItemInstanceShaderParameter<Double>,100,54214.80654761905,4418.731431966727,11070.167143847386,70.12283095976184,542.1480654761905,497.96075115652326,12.269314707703035,1,0,0,0,0,0,19,true
ControlGlobalPositionX,100,54172.18031609195,17230.996777163906,2347.947840915186,448.41364450660416,541.7218031609195,369.41183538928044,3.1438796615577043,0,0,0,0,0,0,20,true
CanvasItemInstanceShaderParameter<Single>,100,53701.71130952381,4634.015421115066,9101.504857246668,2163.4331258395123,537.0171130952381,490.6769588840874,11.588591411420415,1,0,0,0,0,0,21,true
PathFollow2DProgressRatio,100,53600.71428571428,16027.157928388748,1622.6073225567409,227.02937554662466,536.0071428571429,375.7355635732554,3.3443680111725773,0,0,0,0,0,0,22,true
ControlGlobalPosition,100,51617.916666666664,14259.176136363638,765.0046315604924,392.327945748534,516.1791666666667,373.58740530303027,3.619978894505066,0,0,0,0,0,0,23,true
PathFollow2DProgress,100,51140.98915989161,13882.416666666666,1445.668018943787,342.1779862869255,511.4098915989161,372.58572493224943,3.683867901954507,0,0,0,0,0,0,24,true
ControlPosition,100,50287.9,12474.178403755868,95.01196909659573,515.7604621985455,502.879,378.13721596244136,4.031359691381257,0,0,0,0,0,0,25,true
Light3DLightTemperature,100,49920.833333333336,16778.02473262032,833.7966542383108,810.4012782686042,499.20833333333337,331.42808600713016,2.975370112327693,0,0,0,0,0,0,26,true
GlobalRotation3DY,100,49640.119047619046,13304.954594017094,2561.2446089832224,552.0085699964824,496.40119047619044,363.35164453601953,3.7309499026731716,0,0,0,0,0,0,27,true
ControlPositionX,100,49495.77702702702,13151.46750524109,2837.799716445547,408.566618527732,494.9577702702702,363.4430952178593,3.7635174179080844,0,0,0,0,0,0,28,true
GlobalRotation3DZ,100,49195.524088541664,13345.775831564048,816.454573012932,360.3971842213427,491.95524088541663,358.4974825697762,3.686224368626776,0,0,0,0,0,0,29,true
ControlPositionY,100,48929.791666666664,13209.15523909986,1918.0501940545455,102.08462470375636,489.29791666666665,357.206364275668,3.704233221654604,0,0,0,0,0,0,30,true
PathFollow2DVOffset,100,48760.303617571066,12442.997685185184,31.89810220063491,526.6228362145988,487.60303617571066,363.1730593238588,3.9186942609196014,0,0,0,0,0,0,31,true
GlobalQuaternion3D,100,48644.951923076915,13436.963519313305,394.4044210275814,12.256257907011452,486.44951923076917,352.0798840376361,3.620233980181477,0,0,0,0,0,0,32,true
Quaternion3D,100,48641.24677002584,14188.072447447446,2442.6172441836834,279.06180292067097,486.41246770025845,344.53174322578394,3.428319593813239,0,0,0,0,0,0,33,true
GlobalRotation3DX,100,48426.130952380954,12926.39751552795,1420.9208379142215,753.8531084458274,484.26130952380953,354.99733436853006,3.7462975198007515,0,0,0,0,0,0,34,true
PathFollow2DHOffset,100,48425.49679487179,12462.768683862436,1263.9847991563383,233.98428945036719,484.2549679487179,359.6272811100935,3.8856130626556618,0,0,0,0,0,0,35,true
ControlSizeX,100,48032.29961832062,10998.742690058478,1922.2015165728087,562.4144778725419,480.3229961832062,370.33556928262146,4.36707185283423,0,0,0,0,0,0,36,false
ControlSize,100,47915.28846153846,11283.34824090638,4406.136868419992,787.4398218328131,479.1528846153846,366.31940220632083,4.246548758269068,0,0,0,0,0,0,37,false
ControlSizeY,100,47811.57760814249,11048.415336879434,5591.865370023766,116.08069919300429,478.11577608142494,367.6316227126306,4.327460196807429,0,0,0,0,0,0,38,false
ControlAnchorMin,100,46654.15100250627,11462.074209245742,8921.694730878993,410.9919417076549,466.5415100250627,351.92076793260526,4.070306137511592,0,0,0,0,0,0,39,false
ControlAnchorMax,100,46523.4492481203,11520.084097859328,29409.89043388192,771.440037588245,465.234492481203,350.0336515026097,4.0384643769020165,0,0,0,0,0,0,40,false
LightColor3D,100,45979.79473039216,11462.44658119658,881.2581566566771,506.2869804640195,459.7979473039216,345.17348149195584,4.011342116596566,0,0,0,0,0,0,41,false
Camera3DVOffset,100,45862.42396593674,10694.26282051282,1290.0470269149241,153.87758949945083,458.6242396593674,351.68161145423915,4.288507280554893,0,0,0,0,0,0,42,false
ControlOffsetLeft,100,45755.79044117647,8156.74706649283,1407.1973446013626,167.92576056546278,457.5579044117647,375.99043374683635,5.609563477717369,0,0,0,0,0,0,43,false
Camera3DHOffset,100,45583.393719806765,10690.76566951567,755.8690984299889,356.88112602324986,455.83393719806764,348.92628050291097,4.263810014074685,0,0,0,0,0,0,44,false
ControlOffsetRight,100,45148.93585131894,8108.808290155441,2576.969211948755,114.99457084241882,451.4893585131894,370.40127561163507,5.567887935657863,0,0,0,0,0,0,45,false
ControlOffsetBottom,100,44975.10491606715,8163.681551499348,932.3992645448102,246.87228199220786,449.75104916067147,368.114233645678,5.50916943934529,0,0,0,0,0,0,46,false
ControlOffsetTop,100,44616.05654761905,8263.310412573674,1707.0463692293908,346.65975700309224,446.1605654761905,363.5274613504538,5.399295720481476,0,0,0,0,0,0,47,false
GlobalScale2D,100,42652.634803921566,3176.6207232384827,1940.2754677415624,61.07562033070403,426.5263480392157,394.7601408068308,13.427046701514403,0,0,0,0,0,0,48,false
GlobalRotation3D,100,42367.63143176734,6700.486259814417,712.3814882346378,644.0807404493625,423.67631431767336,356.6714517195292,6.323068175792482,0,0,0,0,0,0,49,false
Camera2DOffsetX,100,41876.801801801805,5630.168233363175,2421.418784676727,422.5208982006055,418.76801801801804,362.4663356843863,7.437930815929943,0,0,0,0,0,0,50,false
ControlAnchorTop,100,41696.92328918323,5942.96899590809,1261.5360454902814,386.42304990585336,416.9692328918323,357.5395429327514,7.016177152849493,0,0,0,0,0,0,51,false
ControlAnchorLeft,100,41654.291666666664,5949.48064770932,1652.5633932702897,555.8420147554858,416.54291666666666,357.04811018957344,7.0013324075109775,0,0,0,0,0,0,52,false
ControlAnchorBottom,100,41574.77477477477,5868.818338019369,2263.6251788255117,387.5028763797941,415.7477477477477,357.05956436755406,7.084011189347119,0,0,0,0,0,0,53,false
Camera2DOffsetY,100,41567.6388888889,5556.384825650118,229.46278014155897,73.95413216743688,415.676388888889,360.11254063238783,7.4810583127718,0,0,0,0,0,0,54,false
AudioVolumeDb,100,41397.88925438596,4643.921805349183,1602.3566855944525,55.20128044670201,413.9788925438596,367.53967449036776,8.914424271033392,0,0,0,0,0,0,55,false
ControlAnchorRight,100,41365.25938189845,6754.392101990049,798.0211614574844,27912.631890423934,413.65259381898454,346.108672799084,6.124201668675852,0,0,0,0,0,0,56,false
GlobalScale2DY,100,41354.847494553374,5088.481182795699,199.5132570728365,49.7717456955147,413.54847494553377,362.66366311757673,8.12714953813238,0,0,0,0,0,0,57,false
Camera2DZoomX,100,41289.48739035088,5791.897934011718,90.28469516736747,182.36836629136266,412.89487390350877,354.97589456339165,7.128835463050366,0,0,0,0,0,0,58,false
Camera2DZoomY,100,40953.94736842105,5785.087415280345,1151.8130726830261,186.26456058205923,409.5394736842105,351.6885995314071,7.079227058911507,0,0,0,0,0,0,59,false
AudioVolumeLinear,100,40931.64414414414,5275.539732770745,1093.0705252504647,212.503996749715,409.31644144144144,356.56104411373394,7.758759523671826,0,0,0,0,0,0,60,false
Parallax2DAutoscrollX,100,40884.081196581195,4477.912186379928,8387.402357804684,206.84997673800436,408.84081196581195,364.0616901020127,9.130165911009758,0,0,0,0,0,0,61,false
Camera2DZoom,100,40860.3077342048,5504.410578051643,242.08854449568167,201.66276217707616,408.603077342048,353.55897156153156,7.423194028645267,0,0,0,0,0,0,62,false
GlobalScale2DX,100,40736.458333333336,5077.47574777688,6842.401716263851,248.92858495838166,407.36458333333337,356.5898258555646,8.02297447726252,0,0,0,0,0,0,63,false
Parallax2DScrollOffsetY,100,40426.102150537634,4424.507120998117,2778.249594884303,93.49553017944524,404.26102150537633,360.01595029539516,9.136860003836535,0,0,0,0,0,0,64,false
Camera2DOffset,100,40351.15131578947,5188.6013139695715,1927.9698556944222,319.3173101825623,403.51151315789474,351.62550001819903,7.776884149327437,0,0,0,0,0,0,65,false
Parallax2DScrollOffsetX,100,40348.93817204301,4257.276795830501,1115.4366164147782,210.01900851473644,403.4893817204301,360.91661376212505,9.477640310247157,0,0,0,0,0,0,66,false
CanvasLayerScaleY,100,40239.596436058695,3339.1813349214754,29954.546288544665,630.6577846294107,402.39596436058696,369.0041510113722,12.05073711188703,0,0,0,0,0,0,67,false
Parallax2DAutoscrollY,100,40216.17254273504,4374.31041520877,1409.9717278811154,182.86258773647097,402.1617254273504,358.4186212752627,9.193717117767845,0,0,0,0,0,0,68,false
CanvasLayerOffsetY,100,40032.665598290594,3294.6408121916843,1617.7653202638317,254.67319570259036,400.32665598290595,367.38024786098913,12.150843712659464,0,0,0,0,0,0,69,false
CanvasLayerOffsetX,100,40026.419851380044,3319.748149127446,1300.1635073699538,870.7889942475564,400.26419851380047,367.066717022526,12.05706519089422,0,0,0,0,0,0,70,false
RangeValue,100,39947.863588110406,4881.049236440232,568.5419755102911,141.3867475893078,399.4786358811041,350.6681435167018,8.184277939643268,0,0,0,0,0,0,71,false
GlobalPosition2DX,100,39939.18524416137,4577.061918746941,492.01417598212817,431.40145896372536,399.39185244161365,353.6212332541443,8.725943837590794,0,0,0,0,0,0,72,false
GlobalPosition3DX,100,39910.56263269639,3198.3650732788005,460.4508327735424,173.59715153922318,399.1056263269639,367.12197559417586,12.478426232869696,0,0,0,0,0,0,73,false
CanvasLayerScaleX,100,39894.08174097664,3373.003518617495,252.63544734063566,317.4965301769756,398.9408174097664,365.2107822235914,11.827465201497379,0,0,0,0,0,0,74,false
CanvasLayerRotation,100,39759.66508438819,3374.4764050901376,456.0761266443583,693.1078045533019,397.5966508438819,363.8518867929805,11.782469429750286,0,0,0,0,0,0,75,false
Scale2DY,100,39706.80732484077,3313.594423491379,3888.6345953560094,828.7614280221582,397.0680732484077,363.9321290134939,11.983001614000656,0,0,0,0,0,0,76,false
GlobalPosition2DY,100,39698.79246284501,4567.336255174093,5051.0166406811595,166.0106248081432,396.9879246284501,351.3145620767092,8.691891782189751,0,0,0,0,0,0,77,false
GlobalRotation2D,100,39679.65146750524,3036.170319524727,737.8768810203295,77.64899551650454,396.7965146750524,366.43481147980515,13.06898075260698,0,0,0,0,0,0,78,false
Parallax2DAutoscroll,100,39583.84757383966,4207.523382916385,1414.10151733071,96.90346888859376,395.8384757383966,353.76324190923276,9.407873461751905,0,0,0,0,0,0,79,false
ControlOffsetTransformPivotRatioX,100,39400.90579710145,3145.359990034878,12211.131198155348,2426.240279942649,394.0090579710145,362.5554580706657,12.526676094924365,0,0,0,0,0,0,80,false
GlobalSkew2D,100,39329.869791666664,2984.6948273130542,1168.4814923783088,414.01373195512326,393.29869791666664,363.4517496435361,13.1771829507518,0,0,0,0,0,0,81,false
Position2DY,100,39321.21571729958,3244.0213675213677,4900.517873272444,377.209976115833,393.2121571729958,360.7719434977821,12.121133390481768,0,0,0,0,0,0,82,false
Scale2DX,100,39310.85526315789,3305.1052867383514,2298.2045681358472,321.6632772984517,393.10855263157896,360.05749976419537,11.89397972309435,0,0,0,0,0,0,83,false
Parallax2DScrollOffset,100,39268.383123689724,4046.1342292746117,1447.8265895052375,69.97478046423943,392.6838312368972,352.2224889441511,9.705160753089928,0,0,0,0,0,0,84,false
ControlOffsetTransformPivot,100,39253.09829059829,2608.286121411894,3826.883484645487,1534.6109311552807,392.5309829059829,366.44812169186395,15.049383565845206,0,0,0,0,0,0,85,false
CanvasLayerOffset,100,39206.03070175439,3053.8812644246623,569.0915167880412,1015.9444968197218,392.0603070175439,361.52149437329723,12.838099227522074,0,0,0,0,0,0,86,false
ControlOffsetTransformPositionRatioX,100,39190.4296875,3136.950729627808,1768.183568695687,590.5353880582649,391.904296875,360.5347895787219,12.493160736429498,0,0,0,0,0,0,87,false
GlobalPosition3DY,100,39185.42960662526,3256.864149305555,8034.54546425945,141.7930875893045,391.8542960662526,359.285654573197,12.031643878968845,0,0,0,0,0,0,88,false
ControlOffsetTransformPositionRatioY,100,39086.171875,3061.1622590212555,2814.133061431206,157.44677479037887,390.86171875,360.2500961597874,12.768409044575446,0,0,0,0,0,0,89,false
Skew2D,100,39086.09800838575,2575.616002214839,1136.4876015895475,63.05287228531725,390.8609800838575,365.1048200617091,15.175436856571242,0,0,0,0,0,0,90,false
ControlOffsetTransformPositionY,100,39080.68064182194,3128.9856283422464,927.26195729348,340.01191768636807,390.8068064182194,359.51695013479696,12.489888188629074,0,0,0,0,0,0,91,false
ScrollContainerScrollHorizontal,100,39054.95495495495,3313.8113644304685,900.3727618310427,67.58692058231246,390.5495495495495,357.4114359052448,11.785509390836182,0,0,0,0,0,0,92,false
ControlOffsetTransformPosition,100,39028.28674948241,2576.480532786885,628.2642773732075,689.768271973554,390.2828674948241,364.5180621669553,15.147906709493721,0,0,0,0,0,0,93,false
AnimatedSprite2DFrame,100,39025.05175983437,3587.8647627248374,43.203296709391914,106.62209392085121,390.2505175983437,354.37186997109535,10.876957282580637,0,0,0,0,0,0,94,false
ControlOffsetTransformPivotX,100,38953.47222222222,3122.06733136386,1877.2602667236642,683.7287650691155,389.5347222222222,358.3140489085836,12.476820032323129,0,0,0,0,0,0,95,false
ScrollContainerScrollVertical,100,38846.38157894737,3295.218002812939,429.36025066542044,91.99431066781159,388.46381578947364,355.5116357613443,11.788713689287455,0,0,0,0,0,0,96,false
ControlScaleY,100,38796.46990740741,2812.0874128467585,4867.847109465719,938.4816203836568,387.9646990740741,359.84382494560646,13.796324299937961,0,0,0,0,0,0,97,false
ControlOffsetTransformScaleY,100,38640.41923868313,3248.706637472093,2049.776254963964,327.5452085185312,386.40419238683126,353.9171260121103,11.894093111697611,0,0,0,0,0,0,98,false
GlobalPosition3DZ,100,38620.566239316235,3304.4135071090045,1726.8551526896094,369.2838520477092,386.20566239316236,353.1615273220723,11.687570625234779,0,0,0,0,0,0,99,false
ControlOffsetTransformPivotY,100,38620.25462962963,3052.339306029579,1085.2013332931383,624.860358224653,386.2025462962963,355.6791532360005,12.652674148427513,0,0,0,0,0,0,100,false
ControlOffsetTransformScaleX,100,38563.0787037037,3270.3873766737142,2204.7326992017624,1034.928006344357,385.630787037037,352.92691327029985,11.791593552114891,0,0,0,0,0,0,101,false
ControlPivotOffsetRatioX,100,38560.729166666664,2726.729024943311,686.6312982143048,487.9591330566976,385.60729166666664,358.3400014172335,14.141753292653767,0,0,0,0,0,0,102,false
ControlOffsetTransformPivotRatio,100,38531.08281893004,2611.242026330076,967.5825601512024,545.06873259941,385.31082818930037,359.1984079259996,14.755845084602466,0,0,0,0,0,0,103,false
ControlCustomMaximumSizeX,100,38528.39781746032,2974.2079561696046,3433.309403563324,77.79640489402193,385.2839781746032,355.5418986129071,12.954170786053547,0,0,0,0,0,0,104,false
ControlPivotOffsetY,100,38522.35429447853,2637.5559049615654,227.78459495140234,393.63316489470634,385.2235429447853,358.84798389516965,14.60532238274581,0,0,0,0,0,0,105,false
AnimatedSprite3DFrame,100,38510.28885480572,3580.4876596150184,678.3029326253717,228.09789422378353,385.10288854805725,349.29801195190703,10.755598822241557,0,0,0,0,0,0,106,false
Position2DX,100,38478.53535353536,3220.822763402672,1810.4336606068694,870.6355084775691,384.7853535353536,352.5771259013269,11.946803093531388,0,0,0,0,0,0,107,false
PointLight2DOffsetY,100,38356.30112474437,2562.106661217818,1461.4887487442422,109.87689895875695,383.56301124744374,357.94194463526554,14.970610593749791,0,0,0,0,0,0,108,false
ControlPivotOffsetRatio,100,38353.29754601227,2289.181929181929,1564.7043093397392,427.4426324251091,383.5329754601227,360.64115616830344,16.75415005556957,0,0,0,0,0,0,109,false
RichTextLabelVisibleRatio,100,38349.01960784313,2708.0862977602105,134.66104380619942,159.808728005519,383.4901960784313,356.40933310082926,14.160929671835286,0,0,0,0,0,0,110,false
ControlCustomMaximumSizeY,100,38336.081288343565,2967.382874327319,1017.3995695567754,75.13773564682168,383.36081288343564,353.68698414016245,12.919155670814485,0,0,0,0,0,0,111,false
ControlOffsetTransformPositionRatio,100,38310.658028455284,2603.0052782438474,1549.6175511392746,1107.6735758201262,383.1065802845528,357.07652750211435,14.717856451794091,0,0,0,0,0,0,112,false
SelfModulateAlpha,100,38307.02489837399,1730.0181209924729,1068.7641759597277,56.415120972606125,383.0702489837399,365.7700677738152,22.14255702500856,0,0,0,0,0,0,113,false
GlobalPosition2D,100,38273.932926829264,2939.7763797428656,990.2087308739533,72.38139714143328,382.73932926829264,353.341565470864,13.019334800620781,0,0,0,0,0,0,114,false
ControlOffsetTransformScale,100,38241.94613821138,2729.9022766323023,1886.3455997078956,897.2142104753455,382.4194613821138,355.12043861579076,14.00854032965162,0,0,0,0,0,0,115,false
ControlScaleX,100,38211.29319105691,3075.0225225225226,898.1899943769383,199.2956236894283,382.1129319105691,351.3627066853439,12.426345794602886,0,0,0,0,0,0,116,false
Scale2D,100,38199.66216216216,2750.9769668737063,1998.8802808835023,88.5186550942376,381.9966216216216,354.48685195288454,13.885853143137515,0,0,0,0,0,0,117,false
ControlOffsetTransformPositionX,100,38195.208333333336,3134.6908569335938,35864.86933833876,796.1260065876547,381.95208333333335,350.6051747639974,12.184681066348125,0,0,0,0,0,0,118,false
ControlPivotOffsetX,100,38156.54217479675,2705.6695912767186,885.6046437830977,329.34061022788455,381.5654217479675,354.5087258352003,14.102439668840681,0,0,0,0,0,0,119,false
PointLight2DOffsetX,100,38148.65345528455,2553.024716646183,379.31170959640616,55.03138844650945,381.48653455284546,355.9562873863836,14.942531972584685,0,0,0,0,0,0,120,false
ColorRectColor,100,38085.02286585366,1999.8260569364775,563.8075167691477,289.0920557929436,380.8502286585366,360.8519680891718,19.044167733365718,0,0,0,0,0,0,121,false
CanvasLayerScale,100,38081.79824561404,3032.5050075112667,1377.899754891495,282.1365025346378,380.8179824561404,350.4929323810277,12.557868214986797,0,0,0,0,0,0,122,false
Rotation2D,100,38073.66452991453,2675.4878353310505,1632.0288323988802,16.310898210955205,380.7366452991453,353.9817669458348,14.230550416688216,0,0,0,0,0,0,123,false
ControlOffsetTransformRotation,100,38037.24747474748,2478.3704620462045,712.9796430749307,199.24090783693302,380.37247474747477,355.58877012701276,15.347684318083333,0,0,0,0,0,0,124,false
ControlPivotOffsetRatioY,100,38025.94004065041,2634.917543859649,1146.3410516206056,443.4903583606023,380.2594004065041,353.91022496790754,14.431548391055037,0,0,0,0,0,0,125,false
ColorRectColorAlpha,100,37987.15701219512,2166.0560469418433,1302.9375661013555,125.00007783096449,379.8715701219512,358.2110096525328,17.53747649596947,0,0,0,0,0,0,126,false
ControlRotation,100,37986.944444444445,2245.5820770519263,1269.8609820797935,73.51346873035901,379.86944444444447,357.4136236739252,16.91630193910122,0,0,0,0,0,0,127,false
CpuParticles3DGravityY,100,37980.597389558236,1121.2286286465805,10609.930526336086,30.674776068348066,379.8059738955824,368.59368760911656,33.87408813794211,0,0,0,0,0,0,128,false
CpuParticles3DDirectionX,100,37883.89471057885,1155.655091737471,2711.0688932196495,76.06136441483602,378.83894710578846,367.28239618841377,32.781315966533114,0,0,0,0,0,0,129,false
Sprite2DOffsetY,100,37851.20680894309,2484.2706690325977,2797.422319283175,317.65115896015885,378.5120680894309,353.66936139910496,15.236345733487553,0,0,0,0,0,0,130,false
ModulateAlpha,100,37807.718373493975,1722.8081717451523,1566.0576524289831,271.8578183034035,378.07718373493975,360.84910201748824,21.94540227609665,0,0,0,0,0,0,131,false
Position2D,100,37782.15811965812,2588.713804713805,3240.4767425868804,2069.4998781712407,377.8215811965812,351.9344431494431,14.5949536989606,0,0,0,0,0,0,132,false
PointLight2DOffset,100,37771.600877192985,2166.149624494512,3055.644937907838,64.13165639024048,377.71600877192986,356.05451252698475,17.437207684121674,0,0,0,0,0,0,133,false
Position3DY,100,37761.62148594377,1451.0469763670064,842.7000514185,734.0820195286102,377.61621485943766,363.10574509576765,26.023707089406386,0,0,0,0,0,0,134,false
Scale3DX,100,37739.5032051282,1740.3570755605804,4553.064618252927,767.1889256622429,377.39503205128204,359.9914612956762,21.68491956914765,0,0,0,0,0,0,135,false
Sprite2DOffsetX,100,37617.007575757576,2482.508523866827,1692.2022167177904,189.22243610793603,376.1700757575758,351.3449905189075,15.152821113848276,0,0,0,0,0,0,136,false
RichTextLabelVisibleCharacters,100,37613.96329365079,1086.0455803907926,6895.064974719776,11.890134878713027,376.1396329365079,365.2791771326,34.6338717018821,0,0,0,0,0,0,137,false
ControlPivotOffset,100,37597.30538922156,2291.3188101327487,158.87962869548727,94.34308274572484,375.9730538922156,353.0598657908881,16.4085875884916,0,0,0,0,0,0,138,false
ControlScale,100,37587.0508982036,2537.4530446816925,246.51736458313206,403.18330926632245,375.870508982036,350.495978535219,14.81290500211745,0,0,0,0,0,0,139,false
Camera3DFrustumOffsetY,100,37565.21577380953,2026.1483822729745,1271.4008603560242,417.01418330934786,375.65215773809524,355.39067391536554,18.540209642330392,0,0,0,0,0,0,140,false
OmniLight3DOmniAttenuation,100,37533.24600798403,1116.0066154121223,1059.4262676672827,28.974536347316505,375.3324600798403,364.17239392571906,33.631741505513965,0,0,0,0,0,0,141,false
GlobalPosition3D,100,37502.13323353293,3119.7137753406446,449.33639774891077,62.10188014460517,375.0213323353293,343.8241945819229,12.021017290099966,0,0,0,0,0,0,142,false
ControlOffsetTransformPivotRatioY,100,37493.1511976048,3078.6481435846886,436.5489830137525,785.3443021761595,374.931511976048,344.1450305402011,12.178446333899288,0,0,0,0,0,0,143,false
DecalModulateAlpha,100,37483.97435897436,1523.713733460864,4158.706389983014,509.4940180187582,374.8397435897436,359.60260625513496,24.60040461395311,0,0,0,0,0,0,144,false
Label3DModulateAlpha,100,37478.32341269841,1324.1650258878435,6924.509467436566,733.6506490702858,374.7832341269841,361.54158386810565,28.30336300988576,0,0,0,0,0,0,145,false
ControlCustomMaximumSize,100,37475.64870259481,2151.3688430698744,345.0221057231525,177.4322241544455,374.7564870259481,353.2427985952493,17.419443822157106,0,0,0,0,0,0,146,false
Rotation3DY,100,37466.07142857143,1721.5149531422273,711.4819308543246,101.85906598746637,374.6607142857143,357.445564754292,21.76343072721255,0,0,0,0,0,0,147,false
Scale3DY,100,37451.28968253968,1727.8802083333333,1293.8305274874565,566.8513351893815,374.5128968253968,357.23409474206346,21.674702622275063,0,0,0,0,0,0,148,false
Light2DShadowColorAlpha,100,37449.25869120654,1628.743701676657,11594.21352278112,20.628008859135036,374.4925869120654,358.2051498952988,22.99272663504738,0,0,0,0,0,0,149,false
Rotation3DZ,100,37412.446581196586,1704.8385979495706,2958.5009231053214,358.1502773325479,374.1244658119659,357.07607983247016,21.944861306045613,0,0,0,0,0,0,150,false
TextureProgressBarTintUnderAlpha,100,37390.761408730155,1405.4155957735418,4953.25921970268,107.7186094194356,373.90761408730157,359.85345812956615,26.60477194160511,0,0,0,0,0,0,151,false
PointLight2DTextureScale,100,37357.725694444445,2172.193508223303,453.12329856195885,56.92699575518881,373.57725694444446,351.85532186221144,17.198157324851024,0,0,0,0,0,0,152,false
TextureProgressBarRadialCenterOffsetX,100,37291.60429141716,1255.8072126727334,880.6494572406535,409.1804709686834,372.9160429141716,360.3579707874443,29.69532577540264,0,0,0,0,0,0,153,false
Camera3DFrustumOffsetX,100,37279.36507936508,2031.585497835498,2094.3657801262843,88.40872075152811,372.79365079365084,352.47779581529585,18.349887375689306,0,0,0,0,0,0,154,false
ControlCustomMinimumSizeY,100,37270.93253968254,1879.3871517338146,1477.090060577173,67.96118622794498,372.70932539682536,353.91545387948725,19.831428827901966,0,0,0,0,0,0,155,false
LabelVisibleRatio,100,37254.46428571429,1944.7738686962828,855.0010308177259,62.81014778372492,372.5446428571429,353.09690417018004,19.1561933679665,0,0,0,0,0,0,156,false
DecalSizeZ,100,37252.67094017094,1478.3396464646466,2982.05284896002,109.95567849235155,372.52670940170935,357.74331293706285,25.198993363438696,0,0,0,0,0,0,157,false
DecalSizeX,100,37246.82539682539,1432.4414106301858,1339.9736980558346,533.1097528655081,372.4682539682539,358.1438398619521,26.002337771315258,0,0,0,0,0,0,158,false
CpuParticles2DGravityX,100,37232.58928571428,1076.9148765863313,486.5375018627533,300.2827968555566,372.32589285714283,361.55674409127954,34.573381884867594,0,0,0,0,0,0,159,false
Rotation3DX,100,37167.985700197234,1717.8130661231883,798.8832383759267,412.0854402321865,371.6798570019723,354.50172634074045,21.636804628619487,0,0,0,0,0,0,160,false
TextureProgressBarTextureProgressOffsetX,100,37132.9594017094,1309.3241656149207,154.41129973651763,987.9961850562999,371.329594017094,358.2363523609448,28.360401783518597,0,0,0,0,0,0,161,false
CpuParticles3DEmissionBoxExtentsZ,100,37125.01225490196,1177.9156549620222,1059.800269387689,234.01493057810586,371.2501225490196,359.47096599939937,31.517547201712777,0,0,0,0,0,0,162,false
TextureProgressBarTintOverAlpha,100,37120.46351084812,1325.0590745274037,86.28787005957433,20.270084634628535,371.2046351084812,357.95404436320723,28.014195158874355,0,0,0,0,0,0,163,false
DecalSizeY,100,37097.86184210526,1470.8654444963413,11513.394240029651,801.7297223186438,370.9786184210526,356.26996397608923,25.221791687959897,0,0,0,0,0,0,164,false
Camera3DFov,100,37086.254930966476,1837.4345133176655,968.1601756389875,57.501133658898446,370.86254930966476,352.48820417648807,20.183715208442266,0,0,0,0,0,0,165,false
Camera3DSize,100,37040.61883629191,1757.792732639865,403.82124511661397,33.26224232395381,370.4061883629191,352.8282610365205,21.072233459893795,0,0,0,0,0,0,166,false
Position3DZ,100,37029.495614035084,1443.8044724770643,1217.5290098630367,710.852812034136,370.29495614035085,355.85691141558016,25.6471678263369,0,0,0,0,0,0,167,false
Position3DX,100,36997.161306042886,1475.8521146355035,8963.829578963647,416.98768056272115,369.97161306042887,355.2130919140738,25.068339123652784,0,0,0,0,0,0,168,false
SpriteBase3DModulateAlpha,100,36993.34490740741,1353.9805062823357,2042.898028841861,446.53845778418776,369.9334490740741,356.39364401125073,27.321918399682968,0,0,0,0,0,0,169,false
ControlSizeFlagsStretchRatio,100,36952.403846153844,1531.6185897435898,9527.78414065323,53.85142548125221,369.52403846153845,354.2078525641025,24.126374603706065,0,0,0,0,0,0,170,false
Line2DDefaultColorAlpha,100,36947.96568627451,1379.587605012103,1014.5200605107793,181.32825654918554,369.4796568627451,355.6837808126241,26.781891597199706,0,0,0,0,0,0,171,false
Scale3D,100,36937.61261261261,1663.6449449182658,744.2462324789324,45.859877248926516,369.3761261261261,352.7396766769434,22.202822017667565,0,0,0,0,0,0,172,false
GpuParticles3DLifetime,100,36922.53676470588,1026.8019222331907,847.8960090420208,25.793900816171536,369.2253676470588,358.9573484247269,35.958772539501176,0,0,0,0,0,0,173,false
SpriteBase3DOffsetX,100,36890.318627450986,1274.6403643173305,550.7148633159841,208.09291379410985,368.90318627450984,356.1567826313365,28.941746754747275,0,0,0,0,0,0,174,false
CpuParticles3DEmissionBoxExtentsY,100,36879.67538759689,1177.875774066429,2346.921055922,203.24567052582293,368.79675387596893,357.01799613530466,31.310326776036554,0,0,0,0,0,0,175,false
CpuParticles3DDirectionZ,100,36877.77374031008,1160.563644436279,273.1499008451552,141.95870941550098,368.7777374031008,357.172100958738,31.77574441272691,0,0,0,0,0,0,176,false
Quaternion,100,36862.45098039216,3214.4197039698834,1259.5946449027542,76.31961676538849,368.6245098039216,336.4803127642228,11.467840038084066,0,0,0,0,0,0,177,false
SpriteBase3DOffsetY,100,36849.33431952663,1272.6635042389987,1120.9540902674667,20.85255731213982,368.4933431952663,355.76670815287633,28.95449912470071,0,0,0,0,0,0,178,false
Position3D,100,36837.1568627451,2312.629872125907,668.1332124837709,15.262803477763699,368.371568627451,345.2452699061919,15.928686776359156,0,0,0,0,0,0,179,false
AudioVolumeLinear2D,100,36828.31196581196,1223.1219392752203,993.5343449567956,15.264764629800398,368.28311965811963,356.05190026536746,30.11009023976395,0,0,0,0,0,0,180,false
TextureProgressBarTintProgressAlpha,100,36826.67892156862,1350.3246357107998,576.1885132396548,209.48110206133313,368.26678921568623,354.7635428585782,27.27246318970057,0,0,0,0,0,0,181,false
CpuParticles3DExplosiveness,100,36815.59829059829,711.0139942626355,6763.073810989699,4.720183331489314,368.1559829059829,361.04584296335656,51.779006584502305,0,0,0,0,0,0,182,false
Camera3DNear,100,36785.142543859656,1718.5487754540452,568.6087674026024,55.69029878074783,367.85142543859655,350.66593768405613,21.40477073985923,0,0,0,0,0,0,183,false
TextureProgressBarRadialCenterOffsetY,100,36782.916666666664,1244.1613866161113,5273.1080511731,114.28932741486179,367.82916666666665,355.3875528005055,29.564425533820327,0,0,0,0,0,0,184,false
Camera3DFrustumOffset,100,36764.32748538011,1804.922928709056,521.6302731373919,23.464518663169006,367.64327485380113,349.5940455667106,20.368918196233036,0,0,0,0,0,0,185,false
Scale3DZ,100,36737.553418803414,1727.529262264503,1063.2300875135454,273.4567944206641,367.3755341880341,350.1002415653891,21.265951449439765,0,0,0,0,0,0,186,false
GpuParticles2DExplosiveness,100,36737.07264957265,1035.6814564811766,965.9559417472841,88.78590104555573,367.3707264957265,357.0139119309147,35.471401384736815,0,0,0,0,0,0,187,false
CpuParticles2DGravityY,100,36719.68137254902,1095.7102175402533,3598.3812103141386,40.62237071928932,367.1968137254902,356.2397115500877,33.512219549235006,0,0,0,0,0,0,188,false
CpuParticles2DEmissionRectExtentsX,100,36706.50584795321,1128.919268413554,2528.3561783254086,804.2408762500445,367.06505847953207,355.77586579539656,32.514730570181584,0,0,0,0,0,0,189,false
TextureProgressBarRadialInitialAngle,100,36691.40019379845,1164.025526364822,4462.334679512829,31.617496023451416,366.9140019379845,355.2737466743363,31.521130218151974,0,0,0,0,0,0,190,false
GpuParticles2DLifetime,100,36667.708333333336,1088.059985632184,1638.8396472759116,16.80566261849018,366.67708333333337,355.7964834770115,33.70007979112354,0,0,0,0,0,0,191,false
PointLight2DHeight,100,36664.04727095517,1271.4263990267639,1044.7897271874485,110.402886817287,366.64047270955166,353.92620871928403,28.836940383666974,0,0,0,0,0,0,192,false
FogVolumeSizeZ,100,36658.745155038756,1519.4995135003649,1205.886628770289,216.6120764879601,366.5874515503876,351.39245641538395,24.1255392511384,0,0,0,0,0,0,193,false
Camera3DFar,100,36656.41891891892,1813.4049309378925,2723.284909359196,31.723447340035765,366.5641891891892,348.4301398798103,20.214138769304125,0,0,0,0,0,0,194,false
CpuParticles3DGravityX,100,36596.86288759689,1108.256268895607,1768.6450239698288,104.28100742289226,365.96862887596893,354.88606618701283,33.02202199502664,0,0,0,0,0,0,195,false
ControlCustomMinimumSizeX,100,36595.63840155945,1901.0297079556897,2299.249155297776,137.7166786675007,365.9563840155945,346.9460869360376,19.25042951638736,0,0,0,0,0,0,196,false
Sprite2DOffset,100,36580.317982456145,2025.3213507625271,1473.8637675568214,92.66498324353971,365.8031798245614,345.5499663169362,18.06148835032217,0,0,0,0,0,0,197,false
Label3DOffsetX,100,36573.76949317739,1299.9297898897441,1427.4890484221016,27.348219728254183,365.7376949317739,352.73839703287643,28.13518835988785,0,0,0,0,0,0,198,false
SpotRange,100,36561.188725490196,1158.4326509627967,1111.3282000579643,38.24532884775472,365.61188725490194,354.027560745274,31.560910075439825,0,0,0,0,0,0,199,false
SpotAngle,100,36560.44089147286,1158.28110383536,895.391977854462,33.10297798476964,365.60440891472865,354.02159787637504,31.564393799063154,0,0,0,0,0,0,200,false
FogVolumeSize,100,36554.7117248062,1720.3410132966528,1409.5770881907324,63.8639149527927,365.54711724806197,348.34370711509547,21.248526566693418,0,0,0,0,0,0,201,false
Sprite2DRegionRect,100,36548.32175925926,2256.4320167455407,1450.8932498395393,85.84171805490745,365.4832175925926,342.91889742513723,16.197395484563735,0,0,0,0,0,0,202,false
FogVolumeSizeY,100,36532.17592592593,1529.914343786295,1455.6015369148217,652.0973124772895,365.3217592592593,350.0226158213963,23.87857599629702,0,0,0,0,0,0,203,false
SelfModulate,100,36512.66891891893,1749.1066433566432,439.5408591166914,25.50319416600876,365.1266891891893,347.6356227556228,20.87503872768379,0,0,0,0,0,0,204,false
CpuParticles2DEmissionRectExtentsY,100,36499.867533718694,1123.279455353835,790.2153465768542,362.6027082015935,364.99867533718697,353.7658807836486,32.49402217742973,0,0,0,0,0,0,205,false
TextureProgressBarTextureProgressOffsetY,100,36497.03246124031,1291.0081719977552,10049.569906885768,241.53843577626037,364.97032461240315,352.0602428924256,28.270179269867374,0,0,0,0,0,0,206,false
CpuParticles2DDirectionY,100,36491.87378167641,1124.036914551305,2522.5154480843007,800.620796206439,364.9187378167641,353.67836867125106,32.46501365681865,0,0,0,0,0,0,207,false
Label3DOffsetY,100,36489.632352941175,1278.0003415300546,10790.216815932517,64.65138063349332,364.89632352941175,352.1163201141112,28.552130361135003,0,0,0,0,0,0,208,false
AnimationPlayerSpeedScale,100,36488.77180232558,706.146446633454,386.82113570998183,27.041829427388922,364.8877180232558,357.8262535569213,51.673094124151476,0,0,0,0,0,0,209,false
Polygon2DTextureOffsetY,100,36485.9132751938,1236.654290429043,1099.9670553497522,5.821860008265431,364.85913275193803,352.4925898476476,29.503729180881614,0,0,0,0,0,0,210,false
CanvasModulateColorAlpha,100,36474.67105263158,1242.47283692185,504.8727126410316,242.56338929594784,364.7467105263158,352.3219821570973,29.356513855864513,0,0,0,0,0,0,211,false
CanvasModulateColor,100,36471.50341130605,1621.7112398056568,237.01468280176334,13.996814857185747,364.7150341130605,348.4979217150039,22.48951756397565,0,0,0,0,0,0,212,false
DecalEmissionEnergy,100,36470.098747591524,1088.9528935385324,1179.0815077194654,19.260591689555998,364.70098747591527,353.81145854052994,33.49097923701971,0,0,0,0,0,0,213,false
Polygon2DTextureOffsetX,100,36467.03125,1236.0705445544554,3989.9682153999174,24.45883059675467,364.6703125,352.3096070544554,29.502386745365435,0,0,0,0,0,0,214,false
FogVolumeSizeX,100,36466.71539961014,1527.2786137148496,9360.812204931819,87.69078256775612,364.66715399610143,349.3943678589529,23.876924008587377,0,0,0,0,0,0,215,false
CpuParticles3DEmissionBoxExtentsX,100,36466.36029411765,1186.6409479518977,10972.330087193932,31.693691847343086,364.6636029411765,352.7971934616575,30.730744929253756,0,0,0,0,0,0,216,false
ControlCustomMinimumSize,100,36440.03149224806,1542.0485854099843,269.16127669700677,25.8018038880895,364.4003149224806,348.9798290683808,23.630923070144224,0,0,0,0,0,0,217,false
Rotation3D,100,36424.73196881092,1722.181981236203,1183.6117162717526,119.18765746311337,364.2473196881092,347.0254998757472,21.15033856216798,0,0,0,0,0,0,218,false
Label3DOutlineModulateAlpha,100,36423.691860465115,1363.8595097179598,836.9489551313782,147.59638382811357,364.2369186046511,350.5983235074716,26.706337127053047,0,0,0,0,0,0,219,false
SpriteBase3DModulate,100,36410.210755813954,1698.6952406706325,977.4233592269169,26.14406990606731,364.10210755813955,347.1151551514332,21.434221915780178,0,0,0,0,0,0,220,false
Modulate,100,36406.83139534883,1746.9032160476588,998.8274976906916,37.77102651049031,364.0683139534883,346.59928179301176,20.840783313524785,0,0,0,0,0,0,221,false
CpuParticles2DRandomness,100,36395.845445736435,711.8700564971751,759.9261006749234,1.5092971021408161,363.9584544573643,356.8397538923926,51.12709140320592,0,0,0,0,0,0,222,false
CpuParticles2DDirectionX,100,36394.572368421046,1077.6545183290707,1326.0635506544597,754.8235488310056,363.94572368421046,353.1691785009197,33.77202224777168,0,0,0,0,0,0,223,false
Label3DPixelSize,100,36392.447916666664,834.2797459893048,9336.636832223727,35.884482251633166,363.92447916666663,355.5816817067736,43.621396889495145,0,0,0,0,0,0,224,false
Parallax2DScrollScaleY,100,36385.85019267823,1082.6893807618717,1008.841387868608,108.39496354268823,363.85850192678225,353.0316081191636,33.60691518658294,0,0,0,0,0,0,225,false
Light2DShadowColor,100,36377.519379844955,1803.7317377931565,796.8735028136656,109.15924327924753,363.77519379844955,345.737876420518,20.16792110358517,0,0,0,0,0,0,226,false
CpuParticles2DColorAlpha,100,36369.39102564102,1151.3286724224224,3137.8536024377004,750.1275933508729,363.6939102564102,352.180623532186,31.589060445371324,0,0,0,0,0,0,227,false
CpuParticles3DGravityZ,100,36366.875,1079.0283418682677,1477.9021963660166,39.62427241257364,363.66875,352.87846658131735,33.70335475807161,0,0,0,0,0,0,228,false
DecalSize,100,36358.02875243664,1658.833289089461,283.4227973614919,36.888952377689165,363.58028752436644,346.99195463347183,21.917831642017315,0,0,0,0,0,0,229,false
GpuParticles3DSpeedScale,100,36348.4283625731,1014.7683606646101,219.87914688190526,18.028170012517876,363.484283625731,353.33660001908487,35.81943404184098,0,0,0,0,0,0,230,false
Polygon2DTextureScaleX,100,36341.71511627906,1237.1540163826132,1622.6270564550364,121.43058160857599,363.4171511627906,351.0456109989645,29.375255332024643,0,0,0,0,0,0,231,false
AudioStreamPlayer3DMaxDistance,100,36333.75481695568,765.8296016848649,3194.828302442726,26.920901498468123,363.33754816955684,355.6792521527082,47.44365422415056,0,0,0,0,0,0,232,false
CpuParticles2DExplosiveness,100,36331.0464559387,713.051110231471,330.1444584306212,6.39167824591411,363.31046455938696,356.17995345707226,50.951531993470844,0,0,0,0,0,0,233,false
Parallax2DScrollScaleX,100,36312.027616279076,1077.0884075620506,1072.7780886766009,495.91526444119495,363.1202761627908,352.34939208717026,33.71313567330095,0,0,0,0,0,0,234,false
AnimatedSprite2DSpeedScale,100,36308.80571705426,708.2858021188043,241.62931547433504,18.38982472843576,363.0880571705426,356.0051991493545,51.26293031490698,0,0,0,0,0,0,235,false
LightEnergy3D,100,36307.526493256264,1100.8553597650514,650.2657628831148,33.15762034019835,363.0752649325626,352.0667113349121,32.98119609555714,0,0,0,0,0,0,236,false
Polygon2DOffsetX,100,36304.62570621469,1239.1172385620914,559.6111780599698,27.044580080361488,363.0462570621469,350.65508467652603,29.29878188793795,0,0,0,0,0,0,237,false
TextureProgressBarTintUnder,100,36300.557170542634,1552.4346323590642,779.2221234255117,19.01525182981488,363.00557170542635,347.48122538183566,23.382985933121493,0,0,0,0,0,0,238,false
CpuParticles2DSpeedScale,100,36293.25909961686,705.565161568451,221.55194979959325,79.55825915770198,362.9325909961686,355.8769393804841,51.43856453872806,0,0,0,0,0,0,239,false
AudioVolumeDb3D,100,36287.04238921002,859.6421528159972,655.7943589050752,28.67252375865623,362.87042389210023,354.2740023639402,42.21179972427098,0,0,0,0,0,0,240,false
Line2DWidth,100,36279.21875,859.1724378314134,1325.2936296908563,24.44213591860082,362.7921875,354.2004631216859,42.225771163667964,0,0,0,0,0,0,241,false
CpuParticles2DSpread,100,36275.21367521368,707.3873035566585,1658.381038688377,52.840711880927174,362.7521367521368,355.6782637165702,51.28055521045721,0,0,0,0,0,0,242,false
GpuParticles3DExplosiveness,100,36271.68803418803,1039.9952801377087,2221.669329045601,41.47108972881507,362.7168803418803,352.31692754050323,34.876781392109,0,0,0,0,0,0,243,false
AudioVolumeLinear3D,100,36261.151252408476,1218.8296126600378,943.9334057934436,17.067808280419126,362.61151252408473,350.42321639748434,29.750796071708688,0,0,0,0,0,0,244,false
TextureProgressBarTintProgress,100,36260.97061657033,1675.6930432248228,2232.1059972922862,33.26766841400639,362.6097061657033,345.8527757334551,21.639387215445584,0,0,0,0,0,0,245,false
Polygon2DColorAlpha,100,36255.71581196581,1383.0490326391966,1628.9147442864958,70.99382450289752,362.55715811965814,348.7266677932662,26.214338722887515,0,0,0,0,0,0,246,false
Polygon2DOffsetY,100,36255.057803468204,1214.4634519528045,570.1056634831094,366.00882891778946,362.550578034682,350.405943515154,29.8527368157285,0,0,0,0,0,0,247,false
GpuParticles2DAmountRatio,100,36248.75,1052.8301619662477,5208.099322846563,118.13435673044883,362.4875,351.95919838033757,34.42981718181635,0,0,0,0,0,0,248,false
CpuParticles2DLifetime,100,36233.02203065134,730.6904679108226,5785.4437824294155,21.283333735163012,362.33022030651335,355.02331562740517,49.58737471182313,0,0,0,0,0,0,249,false
AudioPitchScale,100,36215.39017341041,874.605343047966,1687.977112684495,22.394644651426407,362.15390173410407,353.4078483036244,41.407693722978145,0,0,0,0,0,0,250,false
CpuParticles2DGravity,100,36214.34523809524,789.2648854640391,1287.7853173312524,11.753084760746665,362.14345238095234,354.250803526312,45.8836392002964,0,0,0,0,0,0,251,false
TextureProgressBarRadialCenterOffset,100,36205.74127906976,932.8750250100039,3932.164857723218,76.33220981723713,362.05741279069764,352.72866254059755,38.810923551824644,0,0,0,0,0,0,252,false
CpuParticles3DLifetime,100,36201.3290229885,729.2575217272691,149.9906831952374,22.336085702581457,362.013290229885,354.72071501261235,49.6413515725481,0,0,0,0,0,0,253,false
Parallax2DScrollScale,100,36200.43103448276,785.8150010475592,3457.918800310158,22.17653173398775,362.0043103448276,354.14616033435203,46.067370801301145,0,0,0,0,0,0,254,false
Polygon2DTextureOffset,100,36200.19267822736,912.9508206701734,878.6235902424362,13.829418129796226,362.0019267822736,352.8724185755719,39.651854030487364,0,0,0,0,0,0,255,false
CpuParticles2DColor,100,36192.870905587675,1547.7577945047715,1225.265777365582,62.998384511456415,361.92870905587677,346.451131110829,23.384066314567086,0,0,0,0,0,0,256,false
GpuParticles3DRandomness,100,36180.27456647399,1030.908160180299,1533.8191378103322,37.86570647280436,361.8027456647399,351.49366406293694,35.09553611462955,0,0,0,0,0,0,257,false
Label3DOffset,100,36178.19123314066,924.2798886260595,874.5594911851767,23.025228871738214,361.78191233140655,352.539113445146,39.142030112674504,0,0,0,0,0,0,258,false
CpuParticles3DColorAlpha,100,36163.31888246629,1170.501499368687,1904.3547916025618,472.1291962339892,361.63318882466285,349.928173830976,30.895576726703094,0,0,0,0,0,0,259,false
CpuParticles2DEmissionRectExtents,100,36150.854700854696,818.5372142825926,283.5862815882535,88.79681949307012,361.50854700854694,353.323174865721,44.16519379945252,0,0,0,0,0,0,260,false
GpuParticles2DRandomness,100,36148.35019267823,1037.011795086544,855.1892487351356,82.7424879599865,361.48350192678225,351.1133839759168,34.85818614981275,0,0,0,0,0,0,261,false
AudioPitchScale3D,100,36120.749521072794,882.5938958834346,181.76015369573642,15.629810848220176,361.2074952107279,352.3815562518936,40.925673392424315,0,0,0,0,0,0,262,false
CpuParticles3DDirectionY,100,36116.89547206165,1144.6984818242302,10270.665888250285,199.82893827925776,361.1689547206165,349.72196990237427,31.551448740025013,0,0,0,0,0,0,263,false
CpuParticles3DSpread,100,36086.43465909091,712.7622858987506,732.4870007801408,1.695547455975987,360.8643465909091,353.7367237319216,50.628990019566025,0,0,0,0,0,0,264,false
DecalModulate,100,36084.087643678155,1749.9924663885029,284.6292575538119,34.89474241559885,360.84087643678157,343.3409517728965,20.61956741913619,0,0,0,0,0,0,265,false
AudioVolumeDb2D,100,36069.240900383134,866.6990830786331,961.0466704197979,5.174639805521921,360.69240900383136,352.025418173045,41.61679826896815,0,0,0,0,0,0,266,false
GeometryInstance3DTransparency,100,36067.863984674324,1332.2512782275244,316.82227156688685,42.00739089634051,360.67863984674324,347.356127064468,27.07286874039282,0,0,0,0,0,0,267,false
TextureProgressBarRadialFillDegrees,100,36065.101156069366,862.6952671312429,401.1663369150487,11.574485972358495,360.65101156069363,352.02405888938125,41.80514549013138,0,0,0,0,0,0,268,false
SpotLight3DSpotAttenuation,100,36042.55087209302,1098.8311026413755,1116.7201889837686,59.545264045332324,360.4255087209302,349.4371976945165,32.80081059359693,0,0,0,0,0,0,269,false
Line2DDefaultColor,100,36028.436302682,1648.3945658853481,722.0647904093349,64.01330368455456,360.28436302682,343.80041736796653,21.85668228245537,0,0,0,0,0,0,270,false
SpotLight3DSpotAngleAttenuation,100,36016.127873563215,1121.775042087542,8518.730134565854,109.48145990380137,360.16127873563215,348.9435283147567,32.10637295561489,0,0,0,0,0,0,271,false
AudioStreamPlayer3DUnitSize,100,35998.22796934866,737.683243621594,482.76110805588246,10.581382575160168,359.98227969348665,352.6054472572707,48.799031671938735,0,0,0,0,0,0,272,false
Polygon2DColor,100,35989.72701149425,1614.0199500172355,553.6576725941228,6.1250518944451535,359.8972701149425,343.7570706147701,22.298192169873694,0,0,0,0,0,0,273,false
LightColor2D,100,35984.00900900901,1807.7030964075893,740.1901088261887,5.983549657308745,359.8400900900901,341.7630591260142,19.90592873382763,0,0,0,0,0,0,274,false
Light3DLightIndirectEnergy,100,35961.0632183908,1118.1094327255394,411.5598994446433,31.018783338992396,359.610632183908,348.4295378566526,32.16238246978291,0,0,0,0,0,0,275,false
GpuParticles2DSpeedScale,100,35952.5622605364,1012.633079334198,780.7285228908905,25.169006027234712,359.525622605364,349.399291812022,35.50403694512435,0,0,0,0,0,0,276,false
Polygon2DOffset,100,35947.97619047619,925.4653992489376,2846.1225538823387,30.530047579281383,359.4797619047619,350.2251079122725,38.84313364891849,0,0,0,0,0,0,277,false
SpriteBase3DOffset,100,35918.534482758616,1006.9150653964153,5006.507893482985,22.55980033481476,359.18534482758616,349.116194173622,35.67186122954446,0,0,0,0,0,0,278,false
TextureProgressBarTextureProgressOffset,100,35911.20689655173,954.7572650219463,3554.9527558800423,7.674588578526603,359.1120689655173,349.5644963152979,37.6129181857823,0,0,0,0,0,0,279,false
Polygon2DTextureRotation,100,35909.880952380954,843.8658810325477,774.4324218478738,73.7567141505471,359.09880952380956,350.66015071348403,42.554014517617304,0,0,0,0,0,0,280,false
SpringArm3DSpringLength,100,35907.395833333336,809.1304063765843,1420.383178671751,36.98473447964567,359.07395833333334,350.9826542695675,44.377761051067665,0,0,0,0,0,0,281,false
CpuParticles2DDirection,100,35895,803.4337116327057,199.70440340861487,9.157824151625308,358.95,350.9156628836729,44.676990124120664,0,0,0,0,0,0,282,false
AudioStreamPlayer3DAttenuationFilterCutoffHz,100,35887.34434865901,707.0341058978707,876.2561171713537,58.94307640187974,358.87344348659013,351.80310242761135,50.75758587782022,0,0,0,0,0,0,283,false
AudioStreamPlayer2DPanningStrength,100,35869.26190476191,723.3659562968111,542.2093342415179,12.220412543020974,358.6926190476191,351.45895948465096,49.58660494390761,0,0,0,0,0,0,284,false
OmniRange,100,35858.38675213675,1191.4324457593689,246.72293769701128,31.775915387973317,358.5838675213675,346.6695430637738,30.096869427860952,0,0,0,0,0,0,285,false
TextureProgressBarTintOver,100,35856.42959770115,1566.2453125,119.40066074438086,79.35784335368108,358.5642959770115,342.90184285201144,22.893239846616396,0,0,0,0,0,0,286,false
AudioStreamPlayer3DEmissionAngleFilterAttenuationDb,100,35842.333333333336,733.5279020924114,893.3339333701302,30.437024846791356,358.42333333333335,351.0880543124092,48.86294472383661,0,0,0,0,0,0,287,false
AudioStreamPlayer3DEmissionAngleDegrees,100,35840.107142857145,774.0297685242391,355.6236868899537,2.853119725380925,358.40107142857147,350.66077374332906,46.30326713556469,0,0,0,0,0,0,288,false
CpuParticles3DRandomness,100,35811.39359698682,704.6277727563739,2300.5792127037626,24.552330931096073,358.1139359698682,351.06765824230445,50.82313667101035,0,0,0,0,0,0,289,false
CpuParticles3DEmissionBoxExtents,100,35796.75662878788,1493.4038522573992,1921.7281347472303,28.027938603462065,357.9675662878788,343.0335277653048,23.969910466400783,0,0,0,0,0,0,290,false
SpriteBase3DPixelSize,100,35779.178639846745,854.409387856594,1405.4807675071074,7.344875826631384,357.7917863984674,349.24769251990153,41.87591937584375,0,0,0,0,0,0,291,false
CpuParticles3DEmissionSphereRadius,100,35759.916666666664,729.7335040148959,994.0756352068074,81.90334639418525,357.59916666666663,350.3018316265177,49.004076789568245,0,0,0,0,0,0,292,false
LabelVisibleCharacters,100,35759.57142857143,932.6433497659596,157.51626110039604,16.599504311577224,357.5957142857143,348.2692807880547,38.342171675319456,0,0,0,0,0,0,293,false
AudioStreamPlayer3DPanningStrength,100,35751.7380952381,745.7962465153324,884.4909451697723,25.939498583989142,357.517380952381,350.0594184872277,47.937675018190234,0,0,0,0,0,0,294,false
Label3DOutlineModulate,100,35747.2380952381,1535.677339396919,1810.715882777799,46.16486843787026,357.472380952381,342.1156075584118,23.27783133745824,0,0,0,0,0,0,295,false
Polygon2DTextureScaleY,100,35742.79312015503,1237.4591341390924,32285.69028215659,12.52395367757681,357.42793120155034,345.0533398601594,28.884018982187644,0,0,0,0,0,0,296,false
CpuParticles3DSpeedScale,100,35730.29761904762,729.4252789195538,2916.5076643471466,61.13866948119914,357.30297619047616,350.00872340128063,48.98417788861443,0,0,0,0,0,0,297,false
Light3DShadowOpacity,100,35714.0899122807,1112.1349524658347,1358.5894051955668,5.3947601664040095,357.140899122807,346.01954959814867,32.113090082363776,0,0,0,0,0,0,298,false
CpuParticles3DColor,100,35714.02698863636,1575.5286693413573,10314.20195855882,98.92794028610452,357.1402698863636,341.38498319295,22.6679638927589,0,0,0,0,0,0,299,false
Label3DModulate,100,35711.896306818184,1676.1734807864166,774.6018138982676,16.449044684356505,357.1189630681818,340.35722826031764,21.305608707079113,0,0,0,0,0,0,300,false
CpuParticles3DGravity,100,35705.41187739463,1516.3340208687212,1538.1605756453873,43.49354178838846,357.0541187739463,341.8907785652591,23.547194342403984,0,0,0,0,0,0,301,false
CpuParticles2DEmissionSphereRadius,100,35700.141242937854,764.469420818145,253.06209366112796,43.63701604667277,357.00141242937855,349.35671822119707,46.69924037606515,0,0,0,0,0,0,302,false
AnimatedSprite3DSpeedScale,100,35622.43134469697,715.1299694189602,450.9294258601949,8.863615915078256,356.2243134469697,349.07301375278007,49.812527607590035,0,0,0,0,0,0,303,false
AudioStreamPlayer2DMaxDistance,100,35588.28125,747.2190641455242,1796.5605605118394,30.63638969306378,355.8828125,348.41062185854474,47.62764088560383,0,0,0,0,0,0,304,false
Sprite2DFrame,100,35573.916666666664,1015.4920641314857,1320.9402466706122,19.03010965639381,355.7391666666666,345.5842460253518,35.031210900788054,0,0,0,0,0,0,305,false
CpuParticles3DDirection,100,35571.76318267421,1474.0317654839716,4496.643453140699,39.3652052290712,355.7176318267421,340.9773141719023,24.132290779361096,0,0,0,0,0,0,306,false
GpuParticles3DAmountRatio,100,35522.09990530303,1044.7393040661304,477.9896142380044,18.277520949272915,355.2209990530303,344.773606012369,34.0009223038234,0,0,0,0,0,0,307,false
Light3DLightVolumetricFogEnergy,100,35478.819444444445,1119.0961630480294,1378.549083635836,36.92187364963947,354.78819444444446,343.5972328139641,31.703101677886607,0,0,0,0,0,0,308,false
AudioStreamPlayer3DAttenuationFilterDb,100,35458.40395480226,708.1434031710079,1483.7226021956205,16.67014862861114,354.58403954802264,347.50260551631254,50.07234946484349,0,0,0,0,0,0,309,false
AudioPitchScale2D,100,35454.55508474576,878.3453808180535,955.9180960047636,18.529583261270194,354.54555084745766,345.7620970392771,40.365163703285944,0,0,0,0,0,0,310,false
LightEnergy2D,100,35391.33963178295,1256.2897662581208,35872.42585001793,20.76383186939461,353.91339631782944,341.3504986552482,28.171318896592318,0,0,0,0,0,0,311,false
AudioStreamPlayer2DAttenuation,100,35259.691011235955,702.8359020512244,1151.2369463221862,11.737805492442538,352.5969101123595,345.5685510918473,50.16774315075632,0,0,0,0,0,0,312,false
Polygon2DTextureScale,100,35241.760299625465,905.9457710359511,1100.3321719293215,5.798798503958317,352.41760299625463,343.35814528589515,38.900518581069626,0,0,0,0,0,0,313,false
Vector4,100,32695.49342105263,1064.8220670866679,1214.690097227736,62.78603362567571,326.9549342105263,316.3067135396596,30.705123824590576,0,0,0,0,0,0,314,false
Vector3,100,32461.26943005181,1109.1776880288774,286.53697800628714,43.99506373067147,324.6126943005181,313.5209174202293,29.266067808971904,0,0,0,0,0,0,315,false
Rect2,100,32452.564102564105,1059.9835228558497,2225.704894720211,40.2284957811865,324.52564102564105,313.92580579708255,30.616102423110423,0,0,0,0,0,0,316,false
Vector2,100,32387.467783505155,280.74494099699376,1383.6741383747014,18.11805327142357,323.87467783505156,321.0672284250816,115.3626051763902,0,0,0,0,0,0,317,false
Color,100,32116.752136752137,1065.8676478929158,388.0353972757309,103.96486903901794,321.1675213675214,310.5088448885922,30.132026429588002,0,0,0,0,0,0,318,false
Float,100,31963.520622895623,203.24652042113496,1806.8985626886385,2.7935083975291946,319.63520622895624,317.6027410247449,157.26478641142748,0,0,0,0,0,0,319,false
Double,100,31466.867597292727,205.6209572739073,147.65635229484815,9.498863384092132,314.66867597292725,312.6124664001882,153.0333678749281,0,0,0,0,0,0,320,false
ShaderParameter<Color>,100,15307.283988533987,9181.1919599218,863.6047930562687,260.7766862715459,153.07283988533987,61.26092028612187,1.6672436493381373,0,0,0,0,0,0,321,false
ShaderParameter<Vector4>,100,15189.679176755448,9209.91580629302,931.863407208479,329.0300232253146,151.89679176755448,59.797633704624275,1.6492744880877772,0,0,0,0,0,0,322,false
ShaderParameter<Vector2>,100,15010.336730615507,8393.45995091477,709.4550329769278,117.66580870524271,150.10336730615506,66.16876779700736,1.7883372075873893,0,0,0,0,0,0,323,false
ShaderParameter<Vector3>,100,14887.173396674583,8886.088217338218,841.2954715373689,100.4428446049451,148.87173396674584,60.010851793363656,1.6753348641787353,0,0,0,0,0,0,324,false
ShaderParameter<Double>,100,14537.685837245697,4208.483433400044,661.8309982316462,168.40081119454842,145.37685837245698,103.29202403845653,3.4543763964637173,0,0,0,0,0,0,325,false
ShaderParameter<Single>,100,14391.518199233717,2707.660088675679,399.3990444952112,99.887960840234,143.91518199233715,116.83858110558037,5.315112579833694,0,0,0,0,0,0,326,false
ShaderParameter<Int32>,100,14357.014525993885,2458.929751519958,367.5571502085113,45.62563698301274,143.57014525993884,118.98084774473928,5.838724964435959,0,0,0,0,0,0,327,false
Property<Quaternion>,100,10337.493112947659,3218.0116169410153,238.42683446589362,195.23950203693533,103.3749311294766,71.19481496006644,3.212385268756207,0,0,0,0,0,0,328,false
MaterialUv1ScaleY,100,10015.970000000001,2125.657633933628,463.7413254331593,77.20931343293232,100.15970000000002,78.90312366066374,4.711939420585329,0,0,0,0,0,0,329,false
MaterialUV2ScaleY,100,10007.368210862622,2110.2725764732345,574.5573576921653,131.86836198155711,100.07368210862622,78.97095634389387,4.7422159215030435,0,0,0,0,0,0,330,false
MaterialUv1Scale,100,9963.973063973064,2122.700612036722,653.6842583516951,86.16907307030277,99.63973063973064,78.41272451936342,4.694007721801463,0,0,0,0,0,0,331,false
MaterialUv1ScaleZ,100,9946.28709591945,2139.564896755162,395.93250307019684,251.89222826302418,99.4628709591945,78.06722199164287,4.648742887399147,0,0,0,0,0,0,332,false
MaterialUV2OffsetZ,100,9930.575396825398,2147.333791051608,282.04680012117916,19.044592821335964,99.30575396825398,77.8324160577379,4.624607240014662,0,0,0,0,0,0,333,false
MaterialUV2ScaleZ,100,9911.393951399894,2110.84808881394,242.54179923407028,54.22574317933308,99.11393951399894,78.00545862585953,4.695455823620631,0,0,0,0,0,0,334,false
MaterialAlbedoAlpha,100,9904.183148734177,2212.2853222379604,162.1707048240242,20.146867375327172,99.04183148734177,76.91897826496216,4.476901351365949,0,0,0,0,0,0,335,false
MaterialUv1ScaleX,100,9903.85680379747,2124.0384072694433,164.06007090339125,73.69438869117175,99.0385680379747,77.79818396528026,4.662748455913925,0,0,0,0,0,0,336,false
MaterialUV2OffsetX,100,9891.877303844129,2138.957050843593,297.0731956749831,31.64621735445695,98.91877303844129,77.52920253000535,4.624626427137855,0,0,0,0,0,0,337,false
MaterialUv1OffsetZ,100,9891.656793048975,2122.6934523809523,239.33164997522735,96.08935892134612,98.91656793048975,77.68963340668023,4.659955389203205,0,0,0,0,0,0,338,false
MaterialUv1Offset,100,9887.532756813416,2132.145293315143,1390.9464276229878,72.2238091264041,98.87532756813417,77.55387463498273,4.637363498544648,0,0,0,0,0,0,339,false
MaterialUv1OffsetX,100,9879.777865404838,2138.7921220400726,158.09563735948046,68.49865143975987,98.79777865404839,77.40985743364764,4.619325909981882,0,0,0,0,0,0,340,false
MaterialUV2Offset,100,9848.992673992674,2123.4574980178954,402.8592938708572,21.132521663353725,98.48992673992674,77.2553517597478,4.638186864199564,0,0,0,0,0,0,341,false
MaterialUV2OffsetY,100,9848.057742782154,2135.2739434219493,301.1660105605281,93.78410717047323,98.48057742782153,77.12783799360204,4.612081636232513,0,0,0,0,0,0,342,false
MaterialUv1OffsetY,100,9782.14658320292,2128.759843077272,299.02666002908245,171.5756304400559,97.8214658320292,76.53386740125649,4.595232578730976,0,0,0,0,0,0,343,false
MaterialUV2ScaleX,100,9778.763020833334,2129.0399104917287,240.16985284887724,42.411704707734515,97.78763020833334,76.49723110341606,4.593038849410204,0,0,0,0,0,0,344,false
MaterialUV2Scale,100,9716.575946086055,2128.4342943298384,125.6736852541187,535.3371894910246,97.16575946086056,75.88141651756217,4.565128447690902,0,0,0,0,0,0,345,false
MaterialEmission,100,9642.052469135802,2147.463083791209,321.47417412445617,93.76039710867232,96.42052469135803,74.94589385344594,4.489973560855526,0,0,0,0,0,0,346,false
MaterialNormalScale,100,9637.017746913582,1832.6252563726928,435.3174774745661,97.30947702859815,96.37017746913581,78.04392490540889,5.258586125778976,0,0,0,0,0,0,347,false
MaterialAlbedoColor,100,9584.403757668711,2174.6878629500584,334.30769720558254,85.46460927147271,95.84403757668711,74.09715894718653,4.407254908144405,0,0,0,0,0,0,348,false
MaterialEmissionIntensity,100,9533.317454268292,1896.7377555150779,392.77394746077664,45.15733125295398,95.33317454268291,76.36579698753214,5.026165281177431,0,0,0,0,0,0,349,false
MaterialMetallicSpecular,100,9496.03851010101,1712.0036697665937,338.79212668918643,55.3389902483136,94.9603851010101,77.84034840334417,5.546739576437739,0,0,0,0,0,0,350,false
MaterialEmissionEnergyMultiplier,100,9484.169823232323,1892.351226529376,17.256661593996093,21.680880797934744,94.84169823232324,75.91818596702947,5.011844360746156,0,0,0,0,0,0,351,false
MaterialMetallic,100,9294.9975235265,1690.142454954955,412.9784149271707,25.184006555378783,92.94997523526499,76.04855068571544,5.499534963030218,0,0,0,0,0,0,352,false
MaterialRoughness,100,9220.578669612174,1737.342013888889,217.30200251537826,42.51436638053802,92.20578669612173,74.83236655723286,5.30729044477127,0,0,0,0,0,0,353,false
Property<Vector3>,100,7581.979797979798,1054.6334570609079,108.23674238804855,41.57193156825517,75.81979797979798,65.27346340918889,7.189208484917161,0,0,0,0,0,0,354,false
Property<Vector4>,100,7334.262519561816,1050.0845872562206,166.3968841686289,7.172430862173655,73.34262519561815,62.84177932305595,6.984449261107244,0,0,0,0,0,0,355,false
Property<Rect2>,100,7291.779574592075,1051.7467463255919,403.0902104613592,42.15225806975737,72.91779574592074,62.40032828266483,6.933018428691901,0,0,0,0,0,0,356,false
Property<Vector2>,100,7283.808692277843,290.2739840625049,308.3577644492447,4.942925024066152,72.83808692277843,69.93534708215338,25.09287463636223,0,0,0,0,0,0,357,false
Property<Color>,100,7252.728634957464,1055.7786480383854,263.65685216679884,72.12285388460137,72.52728634957464,61.969499869190784,6.869554189633293,0,0,0,0,0,0,358,false
Property<Int32>,100,7171.555492208286,356.2992022547053,1171.8065485537861,6.570981890851772,71.71555492208286,68.15256289953581,20.12790218677392,0,0,0,0,0,0,359,false
Property<Double>,100,7045.303115615617,226.80238665305214,80.80569976466225,249.74372186200236,70.45303115615617,68.18500728962564,31.06361983039038,0,0,0,0,0,0,360,false
Property<Single>,100,6911.795580110497,227.74058777149472,256.8988284884669,56.37210903124926,69.11795580110497,66.84054992339003,30.349423647951156,0,0,0,0,0,0,361,false
CanvasItemInstanceShaderParameter<Color>,1000,1845891.6666666667,138694.2857142857,18286379.831097428,5192.335215170978,1845.8916666666667,1707.197380952381,13.309067905430926,5,0,0,0,0,0,1,true
CanvasItemInstanceShaderParameter<Single>,1000,1810680.5555555553,64068.287037037044,18239379.866558004,10101.807346264124,1810.6805555555552,1746.6122685185182,28.261728841116422,5,0,0,0,0,0,2,true
GeometryInstanceShaderParameter<Single>,1000,991361.4583333334,64467.93384879725,83617.70757753646,1123.1473994461055,991.3614583333334,926.8935244845361,15.3775900536609,24008,0,0,0,0,0,3,true
GeometryInstanceShaderParameter<Int32>,1000,889957.638888889,65265.345528455284,366832.83197211375,3282.058033822966,889.9576388888889,824.6922933604336,13.635990611600654,5,0,0,0,0,0,4,true
GeometryInstanceShaderParameter<Double>,1000,870812.5,65517.447916666664,188972.7901715037,1645.9602267653377,870.8125,805.2950520833334,13.291306784531793,5,0,0,0,0,0,5,true
PathFollow3DProgressRatio,1000,863842.3611111111,483430.7291666667,143463.5256252464,345077.76137444965,863.8423611111111,380.4116319444444,1.7868999817206375,5,0,0,0,0,0,6,true
GeometryInstanceShaderParameter<Vector2>,1000,860320.138888889,122545.15625,431359.92783298076,9265.194207914827,860.320138888889,737.774982638889,7.020433652504229,5,0,0,0,0,0,7,true
GeometryInstanceShaderParameter<Color>,1000,849906.25,137667.90364583334,442111.2770690653,4555.856258109697,849.90625,712.2383463541667,6.173597675944006,5,0,0,0,0,0,8,true
GeometryInstanceShaderParameter<Vector3>,1000,839470.8333333334,136962.40942028986,50157.74268218559,2553.8350847443785,839.4708333333334,702.5084239130434,6.129206085717215,8,0,0,0,0,0,9,true
GeometryInstanceShaderParameter<Vector4>,1000,827402.7777777776,136461.89692982458,92212.24561198232,9126.214270811966,827.4027777777776,690.940880847953,6.0632513279752285,5,0,0,0,0,0,10,true
PathFollow3DVOffset,1000,822253.4722222221,410724.1071428571,46875.40301517836,6482.868308351553,822.2534722222222,411.52936507936505,2.0019605811358616,5,0,0,0,0,0,11,true
PathFollow3DProgress,1000,804520.8333333334,421668.75,35882.280265887515,29069.334387486506,804.5208333333334,382.8520833333334,1.907945118848227,5,0,0,0,0,0,12,true
PathFollow3DHOffset,1000,792105.5555555555,410272.9166666667,163086.45688953664,42017.48150374879,792.1055555555555,381.8326388888888,1.9306796119791532,5,0,0,0,0,0,13,true
ControlOffsets,1000,720672.9166666666,326043.4722222222,16508.321925565306,2532.0392766796867,720.6729166666667,394.62944444444446,2.2103583664925393,5,0,0,0,0,0,14,true
CanvasItemInstanceShaderParameter<Vector3>,1000,647825.6944444445,140004.98903508772,145705.54151123445,8731.781872971358,647.8256944444445,507.8207054093567,4.6271614955241915,5,0,0,0,0,0,15,true
CanvasItemInstanceShaderParameter<Vector4>,1000,611980.5555555555,138412.225877193,27257.05537793017,7289.148894121364,611.9805555555555,473.5683296783625,4.421434245978665,5,0,0,0,0,0,16,true
CanvasItemInstanceShaderParameter<Vector2>,1000,599081.9444444445,122236.57852564105,77886.4354440274,6285.260249834947,599.0819444444445,476.84536591880345,4.90100387028403,5,0,0,0,0,0,17,true
CanvasItemInstanceShaderParameter<Double>,1000,597512.5,63601.15740740741,57526.30416827569,1302.359205709608,597.5125,533.9113425925926,9.394679662392587,5,0,0,0,0,0,18,true
Light3DLightTemperature,1000,590864.5833333334,156690.3409090909,17274.626747504786,2861.254106112875,590.8645833333334,434.17424242424244,3.7709062339467563,4,0,0,0,0,0,19,true
CanvasItemInstanceShaderParameter<Int32>,1000,581505.5555555555,87038.49321705426,59957.957953029734,99573.33476883637,581.5055555555555,494.4670623385012,6.681015882310974,5,0,0,0,0,0,20,true
ControlGlobalPositionY,1000,573605.7291666666,187040.14423076925,8307.542473890899,2576.814757922694,573.6057291666666,386.5655849358974,3.0667519613273746,4,0,0,0,0,0,21,true
ControlGlobalPositionX,1000,571010.9375,186963.86217948716,19675.973391140076,21869.28346331435,571.0109375,384.0470753205129,3.054124635871203,4,0,0,0,0,0,22,true
PathFollow2DProgressRatio,1000,566861.4583333334,201241.015625,18314.85588046258,3553.934526840749,566.8614583333334,365.62044270833337,2.816828649829735,4,0,0,0,0,0,23,true
PathFollow2DProgress,1000,543124.4791666666,179056.7528735632,2514.7128452712554,6364.613121483219,543.1244791666667,364.0677262931034,3.0332532588155523,4,0,0,0,0,0,24,true
ControlGlobalPosition,1000,525713.0208333334,157147.51344086023,18045.65289047075,4818.275252475461,525.7130208333334,368.5655073924732,3.3453473702667047,4,0,0,0,0,0,25,false
PathFollow2DVOffset,1000,525069.7916666666,162593.07795698926,3798.4825055548545,8495.1347305518,525.0697916666667,362.4767137096773,3.2293489874492893,4,0,0,0,0,0,26,false
PathFollow2DHOffset,1000,515979.1666666667,163187.16397849462,7827.446696094806,11339.810457944837,515.9791666666667,352.79200268817203,3.161885739583441,4,0,0,0,0,0,27,false
ControlPositionX,1000,515515.625,144344.22043010753,11115.769970858262,1165.2099273269778,515.515625,371.17140456989245,3.571432395865245,4,0,0,0,0,0,28,false
ControlPositionY,1000,509903.125,144681.92204301074,21706.16388806396,3656.4788932989863,509.903125,365.2212029569893,3.524304334638415,4,0,0,0,0,0,29,false
ControlPosition,1000,507275.5208333333,136235.5939716312,5559.243292532529,17993.855445903617,507.2755208333333,371.0399268617021,3.723516784746907,4,0,0,0,0,0,30,false
GlobalRotation3DY,1000,499555.9895833333,140283.87096774194,74930.21789574219,861.6108031020093,499.5559895833333,359.27211861559135,3.561036533545652,4,0,0,0,0,0,31,false
GlobalRotation3DX,1000,499149.4791666667,136615.69148936172,9221.635325472063,3488.472368725132,499.1494791666667,362.53378767730493,3.653676043542447,4,0,0,0,0,0,32,false
GlobalRotation3DZ,1000,497867.1875,137109.21717171717,23563.74318725949,7577.932565036241,497.8671875,360.7579703282828,3.6311722710550187,4,0,0,0,0,0,33,false
Quaternion3D,1000,497526.0416666667,145168.55158730157,18890.784052348354,6031.502136262155,497.5260416666667,352.3574900793651,3.4272301833049847,4,0,0,0,0,0,34,false
ControlSizeX,1000,496424.4791666667,124202.45098039217,8971.742537079923,3934.946600386942,496.4244791666667,372.22202818627454,3.996897607479881,4,0,0,0,0,0,35,false
ControlSizeY,1000,493781.25,130008.16326530611,103126.82696413365,4956.729686687446,493.78125,363.7730867346939,3.798078809807862,4,0,0,0,0,0,36,false
GlobalQuaternion3D,1000,493014.5833333333,133522.67156862744,22095.912471565363,4999.329185213733,493.0145833333333,359.4919117647059,3.692366079418473,5,0,0,0,0,0,37,false
ControlSize,1000,489718.75,120887.01923076923,15442.340422082429,1548.7791240110755,489.71875,368.8317307692308,4.051044960130446,4,0,0,0,0,0,38,false
ControlAnchorMin,1000,487419.2708333333,122593.09895833333,30308.886804971793,2830.829360854364,487.4192708333333,364.826171875,3.9759111644530356,4,0,0,0,0,0,39,false
ControlAnchorMax,1000,483940.625,124799.11616161617,19422.881105590503,14019.537540815754,483.940625,359.14150883838386,3.8777568294096874,4,0,0,0,0,0,40,false
LightColor3D,1000,471346.875,114412.44658119658,4026.9952242165273,6018.975596361593,471.346875,356.93442841880346,4.11971677107257,4,0,0,0,0,0,41,false
ControlOffsetTop,1000,466010.9375,97383.91927083333,72502.21183416387,2202.050064202172,466.0109375,368.6270182291667,4.7852965971104755,4,0,0,0,0,0,42,false
Camera3DVOffset,1000,465585.4166666667,111324.89035087719,76640.24203757323,673.3178997670977,465.5854166666667,354.2605263157895,4.1822220996510335,4,0,0,0,0,0,43,false
Camera3DHOffset,1000,465355.2083333333,111611.53273809522,61209.17944336907,1875.585355315244,465.35520833333334,353.74367559523813,4.169418669532332,4,0,0,0,0,0,44,false
ControlOffsetBottom,1000,464890.625,95762.59259259258,72829.2149785207,2129.8415318469015,464.890625,369.12803240740743,4.8546161127634315,4,0,0,0,0,0,45,false
ControlOffsetRight,1000,459634.375,96617.21014492754,10793.282412288614,24267.555275536317,459.634375,363.01716485507245,4.757272273858252,4,0,0,0,0,0,46,false
ControlOffsetLeft,1000,459131.25,95226.89814814815,5389.710456300388,6239.980575495629,459.13125,363.90435185185186,4.821444979607672,4,0,0,0,0,0,47,false
Camera2DOffset,1000,446032.2916666667,54419.74637681159,20930.536939309033,3052.2202545555465,446.0322916666667,391.6125452898551,8.19614793090477,4,0,0,0,0,0,48,false
RichTextLabelVisibleRatio,1000,443971.3541666667,74629.91763565892,82400.47129930605,1572.6578786376244,443.9713541666667,369.34143653100773,5.948972854748707,4,0,0,0,0,0,49,false
ControlAnchorRight,1000,440573.4375,69671.38888888889,61124.427595902576,10887.406950284156,440.5734375,370.9020486111111,6.323592001339622,4,0,0,0,0,0,50,false
ScrollContainerScrollHorizontal,1000,438368.2291666667,68648.09587813621,68607.1247216561,2113.5069572600337,438.3682291666667,369.72013328853046,6.385730347784969,4,0,0,0,0,0,51,false
RangeValue,1000,435059.8958333333,79538.70192307692,10120.060034608285,1200.7892219600524,435.0598958333333,355.5211939102564,5.4697887357287565,4,0,0,0,0,0,52,false
ControlAnchorTop,1000,433437.5,70287.00757575757,4060.7533717029123,3643.389465876047,433.4375,363.15049242424243,6.166680229384176,4,0,0,0,0,0,53,false
ControlAnchorLeft,1000,430119.2708333333,69941.82870370371,10286.308530703294,1622.3026812031806,430.1192708333333,360.1774421296296,6.149671502806399,4,0,0,0,0,0,54,false
AudioVolumeDb,1000,429427.0833333333,47124.27944862156,318970.938369362,1148.1935048973864,429.4270833333333,382.30280388471175,9.112650386549191,4,0,0,0,0,0,55,false
ControlAnchorBottom,1000,428796.3541666667,69839.76851851853,57062.467189314884,1290.9167701535723,428.7963541666667,358.9565856481481,6.139716142572382,4,0,0,0,0,0,56,false
ScrollContainerScrollVertical,1000,426356.25,79656.79824561405,52918.935205995156,205718.16220009103,426.35625,346.69945175438596,5.352415103170124,4,0,0,0,0,0,57,false
Parallax2DScrollOffsetX,1000,426095.3125,51095.104166666664,148471.0096486496,2459.933604073045,426.0953125,375.0002083333333,8.339259102205242,4,0,0,0,0,0,58,false
Camera2DOffsetY,1000,425426.5625,58473.94859813084,6013.849086675614,310.09699653642906,425.4265625,366.95261390186914,7.275488874948306,4,0,0,0,0,0,59,false
GlobalRotation3D,1000,424565.8333333333,69326.81737588653,38608.1596988099,5030.465190061536,424.56583333333333,355.2390159574468,6.124121218941274,1,0,0,0,0,0,60,false
AnimatedSprite2DFrame,1000,423135.9375,65978.03634751773,9683.044482317513,1734.7268839668802,423.1359375,357.1579011524823,6.413284797857121,4,0,0,0,0,0,61,false
AnimatedSprite3DFrame,1000,422791.6666666667,66444.27083333333,3636.065610149346,744.681808526518,422.7916666666667,356.3473958333334,6.3631019102788215,4,0,0,0,0,0,62,false
AudioVolumeLinear,1000,421645.3125,52739.07051282051,18712.760464963227,745.3723087674547,421.6453125,368.9062419871795,7.994932568967079,4,0,0,0,0,0,63,false
ControlOffsetTransformScaleX,1000,418897.9166666667,46236.3961442786,25224.737845715223,582.2035556766546,418.8979166666667,372.6615205223881,9.059917112906346,4,0,0,0,0,0,64,false
GlobalScale2DX,1000,418520.3125,57120.71078431373,17173.258146546395,3000.11702154922,418.5203125,361.3996017156863,7.326945108934682,4,0,0,0,0,0,65,false
Camera2DZoomY,1000,417852.0833333333,62900.96726190476,5843.646041651529,1826.3032123724895,417.8520833333333,354.95111607142854,6.643015227309558,4,0,0,0,0,0,66,false
GlobalScale2DY,1000,417504.6875,57255.22875816994,104222.09543386904,984.6045731251925,417.5046875,360.2494587418301,7.291992304553055,4,0,0,0,0,0,67,false
Parallax2DAutoscrollY,1000,417226.0416666667,53079.88505747126,34191.07625205375,3262.443974840903,417.2260416666667,364.1461566091954,7.860341845407595,4,0,0,0,0,0,68,false
Camera2DZoomX,1000,417184.8958333333,64695.354166666664,38482.148488784296,54296.82048860013,417.1848958333333,352.48954166666664,6.448452152508375,4,0,0,0,0,0,69,false
ControlOffsetTransformPositionRatioY,1000,417178.125,44814.77272727273,13480.448568023961,2138.6753486306225,417.178125,372.3633522727273,9.30894211020108,4,0,0,0,0,0,70,false
ControlOffsetTransformPositionRatioX,1000,417077.6041666667,44462.470657277,25085.140159334485,3116.833808338613,417.0776041666667,372.6151335093897,9.380441482470907,4,0,0,0,0,0,71,false
Camera2DOffsetX,1000,416371.3541666667,58285.49107142857,4529.136804619693,722.2063545771463,416.37135416666666,358.0858630952381,7.143653532169879,4,0,0,0,0,0,72,false
ControlOffsetTransformPivotY,1000,415392.7083333333,44287.13061465721,60205.757966023026,4926.143091445582,415.3927083333333,371.1055777186761,9.379535376714054,4,0,0,0,0,0,73,false
ControlOffsetTransformScaleY,1000,414723.9583333333,46255.87962962963,7574.040696021533,637.5558917906264,414.7239583333333,368.4680787037037,8.965864699882998,4,0,0,0,0,0,74,false
Parallax2DScrollOffsetY,1000,412630.9895833333,51521.51639344262,183005.34934928594,1211.3165528783766,412.6309895833333,361.10947318989065,8.008906151602533,4,0,0,0,0,0,75,false
ControlOffsetTransformPositionY,1000,412569.2708333333,43451.51515151515,1314.4654022145605,2463.7309207297153,412.5692708333333,369.11775568181815,9.494934052235163,4,0,0,0,0,0,76,false
CanvasLayerScaleY,1000,412277.0833333333,41050.08223684211,20627.387420493116,1947.3085034513206,412.27708333333334,371.2270010964912,10.043270582374573,4,0,0,0,0,0,77,false
ControlOffsetTransformPositionX,1000,412026.0416666667,45397.871702637894,7890.1058707569055,4218.213652912939,412.0260416666667,366.6281699640288,9.075888939584924,4,0,0,0,0,0,78,false
ControlOffsetTransformPivotRatioX,1000,412014.0625,44976.01918465228,15455.332187002965,4197.072424953792,412.0140625,367.03804331534775,9.160749883364437,4,0,0,0,0,0,79,false
Parallax2DAutoscrollX,1000,411749.4791666667,53072.36935028248,43718.78205564242,3210.291682714168,411.7494791666667,358.6771098163842,7.758264501987513,4,0,0,0,0,0,80,false
ControlScaleX,1000,411703.125,37485.694444444445,18427.63796869332,1350.983029188648,411.703125,374.21743055555555,10.982939788141401,4,0,0,0,0,0,81,false
ControlCustomMaximumSizeX,1000,411209.375,31985.721801346797,50843.805784852164,349.1742629996187,411.209375,379.2236531986532,12.856029248109246,4,0,0,0,0,0,82,false
GlobalPosition2DX,1000,411198.9583333333,53518.96367521368,42582.16903046374,1529.4495240537465,411.19895833333334,357.67999465811965,7.683238427947598,4,0,0,0,0,0,83,false
Camera2DZoom,1000,410937.2395833333,62900.729166666664,2851.3417087842113,6579.139440644285,410.93723958333334,348.0365104166666,6.533107724307647,4,0,0,0,0,0,84,false
CanvasLayerOffsetX,1000,410730.7291666667,40664.045253863136,22247.695636961904,6149.503416067274,410.73072916666666,370.0666839128035,10.100587056759847,4,0,0,0,0,0,85,false
ControlScaleY,1000,409007.2916666667,38525.78125,12910.407783477598,5499.87706317446,409.0072916666667,370.4815104166667,10.616456782863208,4,0,0,0,0,0,86,false
ControlOffsetTransformPosition,1000,408870.8333333333,39793.4748427673,52130.3453620449,2369.9357020973675,408.87083333333334,369.07735849056604,10.274821059203077,4,0,0,0,0,0,87,false
ControlPivotOffsetRatioY,1000,408790.625,35523.75710227273,38117.13754395217,1840.445030435329,408.790625,373.2668678977273,11.507527872772402,4,0,0,0,0,0,88,false
ControlOffsetTransformPivotX,1000,408205.7291666667,46359.48275862069,115391.44093888003,10494.417590977546,408.2057291666667,361.846246408046,8.805226134468887,4,0,0,0,0,0,89,false
Scale2DX,1000,407803.6458333333,39381.45703933748,25998.685146997628,983.6707030582899,407.8036458333333,368.4221887939958,10.355219854511352,4,0,0,0,0,0,90,false
CanvasLayerOffsetY,1000,406618.2291666667,39961.54970760234,46336.05647105021,8165.76452376388,406.6182291666667,366.6566794590643,10.175236749872868,4,0,0,0,0,0,91,false
ControlOffsetTransformPivotRatioY,1000,406296.3541666667,44919.48877068557,52352.27536079594,2625.1231205011763,406.2963541666667,361.3768653959811,9.044990610663747,4,0,0,0,0,0,92,false
CanvasLayerScale,1000,406138.0208333333,38290.345528455284,25206.820677571162,598.5257772510913,406.1380208333333,367.847675304878,10.606799579061354,4,0,0,0,0,0,93,false
GlobalPosition3DY,1000,406050,38383.61318407961,3626.9661086137958,1581.5983216754028,406.05,367.6663868159204,10.578733118549078,4,0,0,0,0,0,94,false
CanvasLayerRotation,1000,405746.875,39657.27813852814,8322.18514382676,8171.44338018252,405.746875,366.0895968614719,10.231334424482494,4,0,0,0,0,0,95,false
CanvasLayerOffset,1000,405696.3541666667,37074.54238921002,18912.94513603145,10113.330162129254,405.6963541666667,368.6218117774567,10.942720476699353,4,0,0,0,0,0,96,false
Parallax2DAutoscroll,1000,405606.25,49900.88383838384,20977.78270005798,4744.13609820647,405.60625,355.70536616161615,8.12823779461812,4,0,0,0,0,0,97,false
Position2DX,1000,404727.6041666667,34660.098379629635,26864.73712126028,4442.12009069857,404.7276041666667,370.0675057870371,11.677047183585964,4,0,0,0,0,0,98,false
ControlOffsetTransformScale,1000,404593.75,40329.13978494623,4966.233585997667,3706.507486806662,404.59375,364.2646102150538,10.032293080325601,4,0,0,0,0,0,99,false
GlobalPosition2DY,1000,404577.0833333333,47897.94871794872,164236.30678789754,4523.97820239155,404.5770833333333,356.6791346153846,8.44664738600229,4,0,0,0,0,0,100,false
Parallax2DScrollOffset,1000,404514.5833333333,46304.799382716046,8813.338971329316,785.4124757622021,404.5145833333333,358.20978395061724,8.735910504437351,4,0,0,0,0,0,101,false
ControlOffsetTransformPivot,1000,404453.6458333333,39987.47329059829,48055.80468105799,9459.61520076835,404.4536458333333,364.466172542735,10.114508683608848,4,0,0,0,0,0,102,false
ControlPivotOffsetRatioX,1000,403546.3541666667,35612.583333333336,10637.686839683754,1639.8246775790712,403.5463541666667,367.93377083333337,11.33156644070097,4,0,0,0,0,0,103,false
CanvasLayerScaleX,1000,401865.1041666667,40180.43536324786,319726.2608754109,6465.854899769118,401.8651041666667,361.6846688034188,10.001511943154396,4,0,0,0,0,0,104,false
ControlPivotOffsetY,1000,401755.7291666667,35589.48863636364,51306.584405732494,2621.268465913466,401.7557291666667,366.166240530303,11.288606399254972,4,0,0,0,0,0,105,false
Position2DY,1000,400891.1458333333,35716.19318181818,25986.446044001088,10499.942867237363,400.8911458333333,365.1749526515151,11.22435260086488,4,0,0,0,0,0,106,false
ControlPivotOffsetX,1000,400825.5208333333,37718.59662576687,31838.23230195902,8424.351878307461,400.8255208333333,363.1069242075664,10.6267347327423,4,0,0,0,0,0,107,false
GlobalScale2D,1000,400822.1354166667,35053.4632034632,10138.791382636336,1208.1093763903164,400.8221354166667,365.7686722132035,11.434594439075749,4,0,0,0,0,0,108,false
ControlOffsetTransformRotation,1000,400753.125,36746.045409181635,22267.476927663705,16994.998863426623,400.753125,364.00707959081836,10.906020512886672,4,0,0,0,0,0,109,false
ControlOffsetTransformPositionRatio,1000,400304.6875,39495.702306079664,26585.903615013,7121.800078252679,400.3046875,360.8089851939203,10.135398641547392,4,0,0,0,0,0,110,false
PointLight2DOffsetY,1000,399541.6666666667,31340.083333333332,4633.079516198748,1466.5094673060903,399.5416666666667,368.20158333333336,12.748583416870304,4,0,0,0,0,0,111,false
ControlOffsetTransformPivotRatio,1000,399255.7291666667,39593.95449897751,10066.603536922243,4983.829952177585,399.2557291666667,359.66177466768914,10.083754811027458,4,0,0,0,0,0,112,false
ColorRectColorAlpha,1000,399100.5208333333,24995.169322709164,10875.345722450536,3289.546330107515,399.1005208333333,374.1053515106242,15.967106110808928,4,0,0,0,0,0,113,false
ControlRotation,1000,399081.25,32258.494415807563,35363.51914524724,2893.655132369601,399.08125,366.82275558419246,12.371353878327286,4,0,0,0,0,0,114,false
ControlPivotOffset,1000,399038.5416666667,32762.055121527777,31864.917335103444,220.64878501524393,399.0385416666667,366.27648654513894,12.179899587692853,4,0,0,0,0,0,115,false
Sprite2DOffsetY,1000,398871.09375,28461.56345565749,165466.40436920917,665.1390556306817,398.87109375,370.4095302943425,14.014377473375019,4,0,0,0,0,0,116,false
Position2D,1000,398828.125,31646.22264309764,17738.223924364902,2219.3533317327156,398.828125,367.18190235690236,12.602708686529084,4,0,0,0,0,0,117,false
GlobalRotation2D,1000,398346.3541666667,35583.59375,17090.570331876203,178.07180853574238,398.3463541666667,362.7627604166667,11.194663388002137,4,0,0,0,0,0,118,false
GlobalPosition3DZ,1000,398158.8541666667,38882.44047619047,9246.275128894735,460.883757500955,398.1588541666667,359.2764136904762,10.240068506257415,4,0,0,0,0,0,119,false
GlobalSkew2D,1000,398073.4375,34070.247747747744,22836.575228472928,2440.5167470235847,398.0734375,364.00318975225224,11.68390204988501,4,0,0,0,0,0,120,false
ControlScale,1000,397729.6875,34919.72836095764,69830.50627724924,6795.853663224479,397.7296875,362.80995913904235,11.38982764667453,4,0,0,0,0,0,121,false
Sprite2DOffset,1000,397273.4375,24781.54761904762,19145.237277656623,2406.108318876116,397.2734375,372.4918898809524,16.031018062594576,4,0,0,0,0,0,122,false
GlobalPosition3DX,1000,396856.25,39238.050314465414,11710.410100005773,3630.3382626609673,396.85625,357.6181996855346,10.114066494626412,4,0,0,0,0,0,123,false
Scale2DY,1000,396202.6041666667,39868.3092948718,7677.825302606522,1872.4247122288193,396.2026041666667,356.3342948717949,9.937782945253455,4,0,0,0,0,0,124,false
Scale2D,1000,396032.8125,34224.327956989255,48685.3059863603,1084.335320790364,396.0328125,361.80848454301076,11.571675359051794,4,0,0,0,0,0,125,false
ControlPivotOffsetRatio,1000,395386.4583333333,31957.50215889465,7992.633116340916,3592.030533473031,395.38645833333334,363.42895617443867,12.37225789323107,4,0,0,0,0,0,126,false
ControlCustomMaximumSize,1000,393707.2916666667,25468.998628257887,8129.723612913923,967.4200817235444,393.70729166666666,368.2382930384088,15.458294902487761,4,0,0,0,0,0,127,false
GlobalPosition2D,1000,391802.6041666667,32385.967184801382,25647.14641424443,2199.892141233909,391.8026041666667,359.4166369818653,12.097912714199817,4,0,0,0,0,0,128,false
PointLight2DOffset,1000,391559.8958333333,29626.670597484277,45703.37072604832,312.7711258057323,391.5598958333333,361.933225235849,13.216466377649006,4,0,0,0,0,0,129,false
SpriteBase3DModulateAlpha,1000,391421.875,14878.93353174603,9829.051910339422,294.52248619732086,391.421875,376.54294146825396,26.30711899914422,4,0,0,0,0,0,130,false
LabelVisibleRatio,1000,391052.6041666667,30276.53721682848,3368.192728985782,6377.640808161454,391.0526041666667,360.7760669498382,12.916028057175229,4,0,0,0,0,0,131,false
PointLight2DTextureScale,1000,390533.3333333333,30032.456140350874,2619.1763085202474,110.01012507450076,390.5333333333333,360.5008771929824,13.00370943715863,4,0,0,0,0,0,132,false
ColorRectColor,1000,389144.2708333333,22841.776315789477,17466.74767495649,470.0557525663277,389.14427083333334,366.30249451754383,17.0365152627966,4,0,0,0,0,0,133,false
ControlCustomMaximumSizeY,1000,389078.6458333333,31040.95149253731,97611.35146175502,11722.149018975155,389.0786458333333,358.03769434079595,12.53436596255348,4,0,0,0,0,0,134,false
GlobalPosition3D,1000,389043.2291666667,33050.98684210526,5042.414938361941,2957.26247503139,389.04322916666666,355.9922423245614,11.771001907605543,4,0,0,0,0,0,135,false
Skew2D,1000,388483.3333333333,35159.0717299578,21037.704618077838,1499.16210625098,388.4833333333333,353.3242616033755,11.04930574723679,4,0,0,0,0,0,136,false
PointLight2DOffsetX,1000,387750.5208333333,32554.285714285714,34246.9754772467,612.2403476036841,387.7505208333333,355.19623511904757,11.910890143204025,4,0,0,0,0,0,137,false
Rotation2D,1000,386309.375,33836.008652094715,4862.81158154765,1521.4045922175324,386.309375,352.4733663479053,11.417108293477293,4,0,0,0,0,0,138,false
Rotation3DX,1000,385572.9166666667,17756.467391304348,23407.499376279327,5417.5330057152205,385.5729166666667,367.81644927536234,21.714505941395103,4,0,0,0,0,0,139,false
Scale3DZ,1000,385068.75,17738.273135033047,8873.142294391546,2983.380266526756,385.06875,367.33047686496695,21.708356110465463,4,0,0,0,0,0,140,false
Rotation3DZ,1000,385010.9375,18031.5349002849,25903.757959217466,2646.7261708076976,385.0109375,366.9794025997151,21.35208897241004,4,0,0,0,0,0,141,false
Scale3DY,1000,384132.8125,18218.065476190473,114491.68438592469,3219.3194096303587,384.1328125,365.9147470238095,21.08526906998058,4,0,0,0,0,0,142,false
SelfModulateAlpha,1000,383672.3958333333,20345.493876464327,9928.553124795224,606.8374359884755,383.6723958333333,363.326901956869,18.857856101353512,4,0,0,0,0,0,143,false
Camera3DFrustumOffset,1000,382853.125,21004.942673378075,24782.672307829096,168.06463821639616,382.853125,361.8481823266219,18.2268112297794,4,0,0,0,0,0,144,false
SpriteBase3DOffsetY,1000,382214.3229166667,12346.839654025282,8776.104094206137,5145.680679219602,382.2143229166667,369.86748326264143,30.95644987922543,4,0,0,0,0,0,145,false
Position3DX,1000,382195.5729166667,16078.17841880342,10989.217193927656,253.4725998845713,382.19557291666666,366.11739449786324,23.771074244933693,4,0,0,0,0,0,146,false
Sprite2DRegionRect,1000,382004.1666666667,27439.42731277533,45961.88202931264,1844.7060259168372,382.00416666666666,354.56473935389135,13.921725199009968,4,0,0,0,0,0,147,false
ControlCustomMinimumSizeX,1000,381857.2916666667,19061.353211009176,7559.220855993529,1585.1899990593656,381.8572916666667,362.7959384556575,20.03306310100372,4,0,0,0,0,0,148,false
FogVolumeSizeX,1000,381280.2083333333,15351.700367647058,19164.86418520084,148.1901539385716,381.2802083333333,365.92850796568626,24.836350319659854,4,0,0,0,0,0,149,false
Sprite2DOffsetX,1000,381257.2916666667,27649.327064896755,21338.966346958623,387.87956866141144,381.2572916666667,353.60796460176994,13.789026068222334,4,0,0,0,0,0,150,false
Polygon2DColorAlpha,1000,381047.3958333333,13772.698326055312,47028.05203183183,1400.8707435335896,381.0473958333333,367.274697507278,27.666865766780393,4,0,0,0,0,0,151,false
FogVolumeSizeZ,1000,380959.375,15496.505208333334,17720.1657359092,105.26381491610698,380.959375,365.46286979166666,24.583567060987203,4,0,0,0,0,0,152,false
SpriteBase3DOffsetX,1000,380719.2708333333,12710.594512195123,99496.67012634766,1012.5402237408425,380.7192708333333,368.0086763211382,29.952908219049387,4,0,0,0,0,0,153,false
ModulateAlpha,1000,380263.0208333333,18453.586497890294,19091.372055987405,1623.325825133164,380.2630208333333,361.80943433544303,20.606456142105866,4,0,0,0,0,0,154,false
Rotation3DY,1000,379995.8333333333,17743.273305084746,57627.46994433956,3133.6205139028843,379.99583333333334,362.2525600282486,21.416332082560928,4,0,0,0,0,0,155,false
Scale3DX,1000,379979.6875,17920.305080721748,60261.72094081545,2828.3911518631635,379.9796875,362.0593824192783,21.20386264566296,4,0,0,0,0,0,156,false
Light2DShadowColorAlpha,1000,379945.3125,20097.75026624068,17660.98103117964,342.31806562070284,379.9453125,359.84756223375933,18.904867831809785,4,0,0,0,0,0,157,false
CpuParticles3DDirectionZ,1000,379555.7291666667,11857.305555555555,4028.340223577428,1601.675322200812,379.5557291666667,367.69842361111114,32.01028491576923,4,0,0,0,0,0,158,false
ControlCustomMinimumSizeY,1000,379113.0208333333,18552.13930348259,17752.999013370132,3585.9576964015505,379.11302083333334,360.5608815298507,20.43500291969922,4,0,0,0,0,0,159,false
TextureProgressBarTintProgressAlpha,1000,379054.4270833333,13935.336899399399,26741.31749545986,4469.738647910625,379.05442708333334,365.1190901839339,27.20095178320879,4,0,0,0,0,0,160,false
Rotation3D,1000,378828.125,17300.228310502283,36164.79369109954,2828.8272029802542,378.828125,361.5278966894977,21.897290498185416,4,0,0,0,0,0,161,false
GeometryInstance3DTransparency,1000,378786.9791666667,15915.619712351947,57556.06259519064,649.3877322874413,378.7869791666667,362.87135945431476,23.799700295219672,4,0,0,0,0,0,162,false
DecalSizeY,1000,378660.4166666667,15076.165086887835,16212.126089042908,1996.7940187107827,378.66041666666666,363.5842515797789,25.11649444565968,4,0,0,0,0,0,163,false
TextureProgressBarTintUnderAlpha,1000,378587.5,13716.176750380517,7576.114590340803,1497.4444797158117,378.5875,364.8713232496195,27.60153262019587,4,0,0,0,0,0,164,false
LightColor2D,1000,378553.6458333333,18654.297263681594,6420.224602361312,446.2104943718458,378.5536458333333,359.8993485696517,20.293106756176048,4,0,0,0,0,0,165,false
DecalSizeX,1000,377878.6458333333,14535.116941823899,6677.990745573501,5163.624195912161,377.87864583333334,363.3435288915094,25.997633685767667,4,0,0,0,0,0,166,false
DecalSizeZ,1000,377850.5208333333,14625.555555555555,8054.612590491415,2929.4347555905024,377.8505208333333,363.22496527777776,25.834951663754463,4,0,0,0,0,0,167,false
ControlSizeFlagsStretchRatio,1000,377692.7083333333,17578.308823529413,10267.015310164563,793.6211831941581,377.6927083333333,360.1143995098039,21.486293825249756,4,0,0,0,0,0,168,false
Camera3DFrustumOffsetX,1000,377459.375,24314.155361757104,5874.6193208228515,1455.1821653685092,377.459375,353.1452196382429,15.524264338365331,4,0,0,0,0,0,169,false
Position3DY,1000,377252.0833333333,15819.3776371308,29174.14468439855,1858.4706039241921,377.2520833333333,361.4327056962025,23.84746682118883,4,0,0,0,0,0,170,false
CpuParticles2DGravityX,1000,377117.1875,10621.760844748858,2371.471504296653,2999.7132058855345,377.1171875,366.49542665525115,35.504206224567525,4,0,0,0,0,0,171,false
DecalModulateAlpha,1000,376967.1875,15182.705823293174,2917.7760681994814,5254.695466972495,376.9671875,361.78448167670683,24.828722356041453,4,0,0,0,0,0,172,false
CpuParticles3DEmissionBoxExtentsY,1000,376773.4375,11970.78892118863,6185.762191356957,570.570277403428,376.7734375,364.8026485788114,31.4744032311104,4,0,0,0,0,0,173,false
Camera3DFar,1000,376651.5625,21612.212643678165,50596.08990816312,206.04037682310513,376.6515625,355.0393498563218,17.42771870284069,4,0,0,0,0,0,174,false
AudioPitchScale3D,1000,376494.2708333333,9620.445512820512,45221.98112075601,352.2791831598822,376.4942708333333,366.8738253205128,39.13480621366288,4,0,0,0,0,0,175,false
AudioPitchScale,1000,376489.5833333333,9232.957347140038,86706.69251872068,307.16848455707884,376.4895833333333,367.2566259861932,40.77670557526762,4,0,0,0,0,0,176,false
TextureProgressBarTintOverAlpha,1000,376346.3541666667,13382.226421886247,3959.3679606170767,9587.963681561778,376.3463541666667,362.96412774478046,28.12285058569649,4,0,0,0,0,0,177,false
ControlCustomMinimumSize,1000,376017.7083333333,15443.513374485598,20007.394447456234,1521.108464744349,376.0177083333333,360.5741949588477,24.34793814175448,4,0,0,0,0,0,178,false
CpuParticles3DColorAlpha,1000,375901.0416666667,11649.116635397126,103008.10346088922,2870.845787768238,375.9010416666667,364.25192503126954,32.26863061225174,4,0,0,0,0,0,179,false
Camera3DFov,1000,375724.4791666667,21955.21198830409,21042.358417192572,1066.386385968862,375.7244791666667,353.7692671783626,17.113224840043515,4,0,0,0,0,0,180,false
Camera3DFrustumOffsetY,1000,375668.2291666667,24448.860677083332,1711.6154492976345,814.5484585960116,375.66822916666666,351.21936848958336,15.365469750449028,4,0,0,0,0,0,181,false
TextureProgressBarTextureProgressOffsetX,1000,375655.2083333333,13206.279283801874,35725.83316661486,819.8638196469968,375.6552083333333,362.44892904953144,28.445196429708417,4,0,0,0,0,0,182,false
SelfModulate,1000,374761.4583333333,19108.091971544713,17275.84971883066,458.085520681014,374.76145833333334,355.6533663617886,19.612709573065622,4,0,0,0,0,0,183,false
AudioStreamPlayer3DEmissionAngleDegrees,1000,374304.1666666667,7576.312474808546,9139.1858826539,29.892769658592673,374.3041666666667,366.72785419185817,49.404531282367074,4,0,0,0,0,0,184,false
Polygon2DTextureOffsetY,1000,374116.1458333333,12452.27877578177,14045.482399795612,1342.668012915752,374.1161458333333,361.66386705755156,30.04399054741254,4,0,0,0,0,0,185,false
FogVolumeSize,1000,373956.7708333333,17211.507386888272,21643.675164298824,1706.4252593448468,373.95677083333334,356.74526344644505,21.72713652717098,4,0,0,0,0,0,186,false
Label3DModulateAlpha,1000,373880.7291666667,13850.460914454277,4677.589379988834,597.5983614385863,373.8807291666667,360.03026825221247,26.994100158535986,4,0,0,0,0,0,187,false
Camera3DSize,1000,373746.3541666667,20884.131944444445,4241.559498507748,267.78866593187837,373.74635416666666,352.8622222222223,17.89618812794802,4,0,0,0,0,0,188,false
CpuParticles3DDirectionY,1000,373351.0416666667,12003.82343550447,90990.35805161177,1505.079916536079,373.3510416666667,361.34721823116223,31.10267688229924,4,0,0,0,0,0,189,false
Camera3DNear,1000,373311.71875,20924.142976588628,2928.062195526121,392.1650101984747,373.31171875,352.38757577341136,17.841195176676383,4,0,0,0,0,0,190,false
CpuParticles3DGravityZ,1000,373128.125,11845.894720687538,34534.1702755395,4742.875577894742,373.128125,361.28223027931244,31.498517739514703,4,0,0,0,0,0,191,false
Parallax2DScrollScaleX,1000,373075,10770.779546758464,13456.466521389557,210.37990603996184,373.075,362.30422045324156,34.63769714906841,4,0,0,0,0,0,192,false
CpuParticles2DDirectionX,1000,372990.625,10701.516182698124,54358.820795259366,7527.829474847128,372.990625,362.28910881730184,34.8539981281381,4,0,0,0,0,0,193,false
OmniRange,1000,372300.5208333333,11570.514298892987,38814.88869485361,245.19550428701598,372.30052083333334,360.73000653444035,32.176661401209564,4,0,0,0,0,0,194,false
SpriteBase3DModulate,1000,372271.3541666667,16729.954805996473,50839.67695484392,505.2311516704325,372.2713541666667,355.54139936067025,22.2517848065695,4,0,0,0,0,0,195,false
GpuParticles2DRandomness,1000,372091.6666666667,10375.984660033168,7407.472878212788,92.88678388918048,372.0916666666667,361.7156820066335,35.860853582398924,4,0,0,0,0,0,196,false
Label3DOffsetY,1000,371918.2291666667,12594.220977596742,15526.915308433641,4892.7396102023185,371.91822916666666,359.3240081890699,29.530864181933463,4,0,0,0,0,0,197,false
CanvasModulateColorAlpha,1000,371885.4166666667,12265.682641633728,11801.419527479253,1182.9916287232463,371.8854166666667,359.619734025033,30.31917811116083,4,0,0,0,0,0,198,false
TextureProgressBarTextureProgressOffsetY,1000,371728.6458333333,13164.705882352942,11292.957384657106,2438.791297019561,371.7286458333333,358.56393995098034,28.236760407357757,4,0,0,0,0,0,199,false
GpuParticles3DRandomness,1000,371674.4791666667,10503.820609619686,30025.66970726863,116.70798976774311,371.6744791666667,361.17065855704703,35.38469410133271,4,0,0,0,0,0,200,false
Polygon2DOffsetX,1000,371536.9791666667,12363.102310231023,39434.0891374028,252.30912176724814,371.5369791666667,359.1738768564357,30.052083194296884,4,0,0,0,0,0,201,false
Scale3D,1000,371533.3333333333,17010.70788530466,19935.418705310036,358.27169553635036,371.5333333333333,354.5226254480287,21.84114475649167,4,0,0,0,0,0,202,false
CpuParticles2DEmissionRectExtentsX,1000,371453.6458333333,11452.022946859905,13493.713363993844,524.5072560968267,371.4536458333333,360.00162288647346,32.43563583106374,4,0,0,0,0,0,203,false
AudioPitchScale2D,1000,371446.3541666667,9450.8793494705,5039.51341637633,236.43780622993236,371.4463541666667,361.9954748171962,39.30283526341679,4,0,0,0,0,0,204,false
SpotAngle,1000,371428.6458333333,11925.364191729323,18698.60614835481,718.7451987846991,371.4286458333333,359.50328164160396,31.146105046496835,4,0,0,0,0,0,205,false
SpriteBase3DOffset,1000,371102.6041666667,9748.707231726283,23004.959278988103,389.1024075634323,371.1026041666667,361.3538969349404,38.06685290116693,4,0,0,0,0,0,206,false
Label3DOutlineModulateAlpha,1000,370973.9583333333,13586.058042212519,6433.058215571645,2837.1926789753948,370.9739583333333,357.3879002911208,27.30548899325322,4,0,0,0,0,0,207,false
GpuParticles2DExplosiveness,1000,370918.75,10383.982863460476,6814.79822744605,1032.7321123878194,370.91875,360.53476713653953,35.72027755411673,4,0,0,0,0,0,208,false
Line2DDefaultColor,1000,370746.3541666667,16580.98474801061,7164.909251393717,545.5067132619566,370.74635416666666,354.1653694186561,22.359730727763253,4,0,0,0,0,0,209,false
CpuParticles3DGravityY,1000,370642.7083333333,13221.370683579988,61390.54593672074,310.1005324073313,370.6427083333333,357.4213376497533,28.033606893243338,4,0,0,0,0,0,210,false
DecalModulate,1000,370559.375,17436.379990714948,33682.88826132519,388.5104950452457,370.559375,353.12299500928503,21.252081865463282,4,0,0,0,0,0,211,false
Light2DShadowColor,1000,370554.1666666667,19290.884615384617,53398.328892040765,376.0448985506939,370.5541666666667,351.2632820512821,19.208770051485722,4,0,0,0,0,0,212,false
OmniLight3DOmniAttenuation,1000,370552.0833333333,10947.057109557112,2629.085345905212,265.84467440865717,370.5520833333333,359.60502622377624,33.84947019321112,4,0,0,0,0,0,213,false
Label3DOffsetX,1000,370540.625,12861.43018018018,12934.763584908342,2048.257223004742,370.540625,357.6791948198198,28.810219377547405,4,0,0,0,0,0,214,false
Polygon2DTextureScaleY,1000,370487.5,12521.90618762475,17412.481184104996,35.32214814478356,370.4875,357.9655938123753,29.587148669596992,4,0,0,0,0,0,215,false
CpuParticles3DEmissionBoxExtentsX,1000,370410.4166666667,12186.212638076673,14560.650923869402,418.02293354314423,370.41041666666666,358.22420402859,30.39586027813871,4,0,0,0,0,0,216,false
TextureProgressBarRadialCenterOffsetX,1000,370357.2916666667,12120.900946585529,104664.93644794366,2191.3186192245867,370.3572916666667,358.23639072008115,30.55526097430874,4,0,0,0,0,0,217,false
RichTextLabelVisibleCharacters,1000,370293.75,14295.60759969902,40710.14854794515,361.21519918877664,370.29375,355.998142400301,25.902624104469414,4,0,0,0,0,0,218,false
FogVolumeSizeY,1000,370215.625,15243.555008210182,28859.700322887482,277.92428912571523,370.215625,354.9720699917898,24.286698529352357,4,0,0,0,0,0,219,false
TextureProgressBarRadialCenterOffsetY,1000,370200.5208333333,12052.09568511199,54490.2409170339,5314.656345224621,370.2005208333333,358.1484251482213,30.71669280643397,4,0,0,0,0,0,220,false
CpuParticles3DDirectionX,1000,370193.75,11981.174746514575,13032.084933060916,3881.775196524914,370.19375,358.2125752534854,30.89795097994815,4,0,0,0,0,0,221,false
DecalSize,1000,370159.375,16550.20392416226,60498.74541513257,321.26981175716384,370.159375,353.60917107583776,22.36584979231528,4,0,0,0,0,0,222,false
CpuParticles3DEmissionBoxExtentsZ,1000,369844.2708333333,12203.937419562419,41817.53089888289,1647.134835581593,369.8442708333333,357.64033341377086,30.305323447536523,4,0,0,0,0,0,223,false
Position3DZ,1000,369820.8333333333,16862.76809651475,8536.068233479764,2053.464704308765,369.8208333333333,352.9580652368186,21.931205553954637,4,0,0,0,0,0,224,false
Modulate,1000,369768.75,18225.25966183575,13618.5326580389,94.5359607883474,369.76875,351.54349033816425,20.288805584169925,4,0,0,0,0,0,225,false
Polygon2DTextureScaleX,1000,369648.9583333333,12358.19719471947,29832.727321072605,172.29202548863972,369.6489583333333,357.29076113861385,29.911236445658957,4,0,0,0,0,0,226,false
CpuParticles3DGravityX,1000,369536.4583333333,11624.4140625,115346.46927934291,261.03839861255636,369.5364583333333,357.9120442708333,31.78968473993425,4,0,0,0,0,0,227,false
Quaternion,1000,369491.1458333333,31945.949074074073,11836.620564950332,2177.1915080926497,369.4911458333333,337.5451967592592,11.566134566125509,4,0,0,0,0,0,228,false
TextureProgressBarRadialCenterOffset,1000,369373.4375,9401.549949799197,22281.649503784665,481.8887947301155,369.3734375,359.9718875502008,39.28856831823664,4,0,0,0,0,0,229,false
Polygon2DTextureOffsetX,1000,369255.2083333333,12308.969584109249,13196.725619038814,526.8045661109609,369.2552083333333,356.94623874922405,29.998872432834503,4,0,0,0,0,0,230,false
AudioStreamPlayer3DMaxDistance,1000,369194.0104166667,7577.168984280532,24343.1217132412,36.38144362590935,369.1940104166667,361.61684143238614,48.72453170604884,4,0,0,0,0,0,231,false
GpuParticles3DExplosiveness,1000,369173.9583333333,10509.581930415263,68350.68515855438,263.8639497072032,369.1739583333333,358.6643764029181,35.1273686030198,4,0,0,0,0,0,232,false
CpuParticles2DColorAlpha,1000,369139.5833333333,11663.18280571074,12856.73423896254,1144.0310517602609,369.1395833333333,357.47640052762256,31.649986927461043,4,0,0,0,0,0,233,false
Polygon2DOffset,1000,369103.125,9082.31884057971,46680.57894530459,516.5714029252471,369.103125,360.02080615942026,40.63974536446033,4,0,0,0,0,0,234,false
SpotRange,1000,368732.8125,11787.746501272262,3652.639718858875,146.20375304783573,368.7328125,356.9450659987277,31.281026654263588,4,0,0,0,0,0,235,false
TextureProgressBarTextureProgressOffset,1000,368705.7291666667,9868.291404612159,7612.938937861198,351.95465515063836,368.7057291666667,358.8374377620545,37.36267141385226,4,0,0,0,0,0,236,false
CpuParticles2DEmissionRectExtentsY,1000,368670.8333333333,11272.582582582581,16414.804939509628,1061.1246285805541,368.6708333333333,357.3982507507507,32.70509048236839,4,0,0,0,0,0,237,false
Polygon2DColor,1000,368656.7708333333,16136.296296296297,27811.983481243828,682.9012693001811,368.6567708333333,352.52047453703705,22.846430436329413,4,0,0,0,0,0,238,false
LabelVisibleCharacters,1000,368645.3125,10033.298611111111,6834.681933168603,1113.1578477012374,368.6453125,358.6120138888889,36.74218487743936,4,0,0,0,0,0,239,false
TextureProgressBarTintOver,1000,368641.1458333333,16752.964317375885,51148.811502004915,2112.0120860685342,368.6411458333333,351.8881815159574,22.00453238302341,4,0,0,0,0,0,240,false
AudioStreamPlayer3DUnitSize,1000,368639.5833333333,7284.781237873496,62160.267074014264,158.73797442179225,368.6395833333333,361.35480209545983,50.60407049930068,4,0,0,0,0,0,241,false
CpuParticles2DDirectionY,1000,368420.8333333333,10349.710749853546,20327.052527636224,5382.260289921462,368.4208333333333,358.0711225834798,35.59721061176001,4,0,0,0,0,0,242,false
GpuParticles2DSpeedScale,1000,368399.4791666667,10165.422077922078,5110.762475162669,476.42038248118735,368.3994791666667,358.2340570887446,36.2404508482516,4,0,0,0,0,0,243,false
Line2DDefaultColorAlpha,1000,368359.8958333333,14061.563670411984,8226.30321641599,2815.140603446278,368.3598958333333,354.2983321629213,26.196225716235787,4,0,0,0,0,0,244,false
Light3DLightVolumetricFogEnergy,1000,368135.15625,11096.442819148937,5291.726913904443,988.1755830988023,368.13515625,357.03871343085103,33.17596118412971,4,0,0,0,0,0,245,false
AudioVolumeLinear3D,1000,368020.3125,12201.234567901236,38749.45069290991,353.03377841961986,368.0203125,355.81907793209876,30.162547113730646,4,0,0,0,0,0,246,false
Position3D,1000,368002.6041666667,16910.33163265306,19228.42171665365,586.117885686941,368.0026041666667,351.0922725340136,21.761998058989622,4,0,0,0,0,0,247,false
Label3DOffset,1000,367963.5416666667,9422.292294176706,63611.58603497561,558.0962374552828,367.9635416666667,358.54124937249,39.052443946584056,4,0,0,0,0,0,248,false
Polygon2DOffsetY,1000,367866.6666666667,12431.120833333334,33782.764228574524,1144.0939377220343,367.8666666666667,355.4355458333333,29.592397306625273,4,0,0,0,0,0,249,false
AudioVolumeLinear2D,1000,367672.9166666667,12271.81205328135,37491.35160712159,870.3949536053725,367.6729166666667,355.4011046133853,29.960768228059273,4,0,0,0,0,0,250,false
TextureProgressBarTintProgress,1000,367619.7916666667,15938.512658227848,3839.335967409595,11.814185544923971,367.6197916666667,351.6812790084388,23.06487434239307,4,0,0,0,0,0,251,false
Parallax2DScrollScaleY,1000,367564.0625,11829.544738500314,22209.5437265781,181.65876976570902,367.5640625,355.73451776149966,31.071699767424676,4,0,0,0,0,0,252,false
SpotLight3DSpotAngleAttenuation,1000,367562.5,11277.046197266785,81140.37850196604,175.35900040179754,367.5625,356.28545380273323,32.59386310655409,4,0,0,0,0,0,253,false
CpuParticles3DEmissionBoxExtents,1000,367529.1666666667,15039.623397435898,56216.89844322909,279.03096088553883,367.5291666666667,352.4895432692308,24.437391612434034,4,0,0,0,0,0,254,false
AnimatedSprite2DSpeedScale,1000,367497.3958333333,7095.656579939668,12313.533923030069,1263.4381045716818,367.4973958333333,360.40173925339366,51.7918802429497,4,0,0,0,0,0,255,false
TextureProgressBarRadialFillDegrees,1000,367443.2291666667,9275.86175616836,46147.89141695836,111.36360711830595,367.4432291666667,358.16736741049834,39.612840167903585,4,0,0,0,0,0,256,false
TextureProgressBarTintUnder,1000,367348.4375,15982.700421940928,4635.9432842671595,297.1253846653383,367.3484375,351.36573707805906,22.984128326381374,4,0,0,0,0,0,257,false
CpuParticles2DEmissionRectExtents,1000,367340.1041666667,8013.823812580231,45466.78037596526,91.40464742348578,367.34010416666666,359.3262803540864,45.838305502800075,4,0,0,0,0,0,258,false
CpuParticles2DGravityY,1000,367284.8958333333,10736.247841105354,9854.371863466824,1309.934173163724,367.28489583333334,356.548647992228,34.20980041343004,4,0,0,0,0,0,259,false
GpuParticles3DSpeedScale,1000,367207.2916666667,10674.069816053512,8309.840749955983,2503.831794814543,367.20729166666666,356.5332218506132,34.40180718271084,4,0,0,0,0,0,260,false
GpuParticles2DLifetime,1000,367203.125,10397.96511627907,16888.07849325268,134.7858380528355,367.203125,356.80515988372093,35.314902569263886,4,0,0,0,0,0,261,false
AnimationPlayerSpeedScale,1000,367078.90625,6981.164065403195,35477.42129013475,64.80688718185834,367.07890625,360.09774218459677,52.581332111810134,4,0,0,0,0,0,262,false
SpringArm3DSpringLength,1000,366995.0520833333,7998.814427545415,9702.298503498687,81.50460597192145,366.9950520833333,358.9962376557879,45.88118094345546,4,0,0,0,0,0,263,false
AudioStreamPlayer3DEmissionAngleFilterAttenuationDb,1000,366862.5,6964.346432552954,3205.985709544172,62.86910101287373,366.8625,359.898153567447,52.67723304016016,4,0,0,0,0,0,264,false
LightEnergy3D,1000,366709.8958333333,10967.412280701754,22693.643893710894,256.86082297095527,366.7098958333333,355.7424835526316,33.43631901926361,4,0,0,0,0,0,265,false
AudioStreamPlayer2DMaxDistance,1000,366540.1041666667,7353.7037037037035,8567.04523595775,1372.4059340490828,366.5401041666667,359.186400462963,49.844285129690256,4,0,0,0,0,0,266,false
CpuParticles3DDirection,1000,365971.3541666667,14719.366197183097,59619.13218866102,1008.1938397307722,365.9713541666667,351.2519879694836,24.86325492986947,4,0,0,0,0,0,267,false
AnimatedSprite3DSpeedScale,1000,365814.5833333333,6981.775483630953,37445.1470183846,162.6478293408241,365.8145833333333,358.83280784970236,52.39563835746365,4,0,0,0,0,0,268,false
Polygon2DTextureRotation,1000,365770.3125,8407.337684069611,40105.43496311636,337.4282389981095,365.7703125,357.36297481593044,43.50608078857934,4,0,0,0,0,0,269,false
CpuParticles2DLifetime,1000,365714.5833333333,7172.581802525831,3365.9000593639425,133.5272358012339,365.71458333333334,358.54200153080745,50.98785812446874,4,0,0,0,0,0,270,false
SpotLight3DSpotAttenuation,1000,365609.8958333333,11311.47504456328,68561.87763244487,151.90420916823183,365.6098958333333,354.29842078877004,32.32203531307432,4,0,0,0,0,0,271,false
CanvasModulateColor,1000,365485.4166666667,15949.06462585034,2307.093450877416,425.54319870489246,365.4854166666667,349.5363520408163,22.91579006296618,4,0,0,0,0,0,272,false
CpuParticles2DEmissionSphereRadius,1000,365379.1666666667,7252.1002317497105,27935.93776649269,58.4992903485684,365.37916666666666,358.12706643491697,50.3825312654996,4,0,0,0,0,0,273,false
CpuParticles3DRandomness,1000,365313.0208333333,6965.9841954022995,11492.34658760854,141.9166113653759,365.3130208333333,358.347036637931,52.44241310143193,4,0,0,0,0,0,274,false
Label3DPixelSize,1000,365306.7708333333,8402.005033557047,37255.54641040874,201.9829816410647,365.3067708333333,356.90476579977627,43.47852320658253,4,0,0,0,0,0,275,false
Light3DShadowOpacity,1000,365127.0833333333,11006.030316344464,5117.197688704508,47.06619455862207,365.1270833333333,354.12105301698887,33.17518422524266,4,0,0,0,0,0,276,false
DecalEmissionEnergy,1000,365105.7291666667,10457.582081246523,25551.793069723484,285.5487972299795,365.10572916666666,354.64814708542013,34.91301587021795,4,0,0,0,0,0,277,false
GpuParticles3DAmountRatio,1000,364950,10316.964775219298,102919.72463121217,1062.0205502966842,364.95,354.63303522478066,35.37377590709498,4,0,0,0,0,0,278,false
CpuParticles2DGravity,1000,364871.3541666667,8429.245389113812,28083.616432551273,217.3520470596497,364.87135416666666,356.4421087775529,43.28636044193115,4,0,0,0,0,0,279,false
TextureProgressBarRadialInitialAngle,1000,364867.1875,11484.414845173042,41024.089214022526,2113.5838772239863,364.8671875,353.38277265482697,31.7706380707203,4,0,0,0,0,0,280,false
Sprite2DFrame,1000,364839.3229166667,10554.341150195423,122745.08395074206,1309.601460262361,364.8393229166667,354.2849817664713,34.56770230607065,4,0,0,0,0,0,281,false
CpuParticles2DRandomness,1000,364804.4270833333,6971.311780007432,26166.605793926716,115.532531513574,364.80442708333334,357.8331153033259,52.3293805520981,4,0,0,0,0,0,282,false
Light3DLightIndirectEnergy,1000,364776.8229166667,10997.407732864674,7606.371785392135,31.243865361645863,364.7768229166667,353.77941518380203,33.16934606567027,4,0,0,0,0,0,283,false
CpuParticles2DColor,1000,364773.9583333333,15619.256617038875,32313.1044537992,1746.5618937182755,364.7739583333333,349.1547017162944,23.354117758421705,4,0,0,0,0,0,284,false
Polygon2DTextureScale,1000,364588.0208333333,9083.202935468218,19514.731687205374,56.43080990067674,364.5880208333333,355.5048178978651,40.13870695431508,4,0,0,0,0,0,285,false
CpuParticles3DSpeedScale,1000,364535.9375,6951.4004629629635,2996.773530155135,137.5652267780801,364.5359375,357.584537037037,52.440646951969775,4,0,0,0,0,0,286,false
CpuParticles2DDirection,1000,364516.1458333333,7820.916666666667,3596.970215674669,72.14736196590236,364.5161458333333,356.69522916666665,46.60785447144942,4,0,0,0,0,0,287,false
CpuParticles3DGravity,1000,364340.1041666667,15020.790378006874,10786.366444810901,855.0840740078659,364.34010416666666,349.3193137886598,24.255721236888164,4,0,0,0,0,0,288,false
Label3DOutlineModulate,1000,364242.7083333333,16799.831989247312,7780.643350155371,323.12872984021675,364.2427083333333,347.442876344086,21.681330418450965,4,0,0,0,0,0,289,false
AudioVolumeDb3D,1000,364098.4375,8700.225694444445,2764.9172642500253,134.0069110842451,364.0984375,355.39821180555555,41.849309464752864,4,0,0,0,0,0,290,false
Line2DWidth,1000,364073.4375,8563.973438212495,68925.19583519554,99.01077477021022,364.0734375,355.5094640617875,42.51221003039341,4,0,0,0,0,0,291,false
CpuParticles3DEmissionSphereRadius,1000,363962.5,7203.499348958333,28604.674337988134,11.962487935063745,363.9625,356.7590006510417,50.52579064265912,4,0,0,0,0,0,292,false
Polygon2DTextureOffset,1000,363904.6875,9976.707268370606,1686.1859145915978,500.70705603267595,363.9046875,353.9279802316294,36.4754299901828,4,0,0,0,0,0,293,false
AudioStreamPlayer3DAttenuationFilterDb,1000,363903.125,6956.968390804598,28412.177928123205,178.18294843849196,363.903125,356.9461566091954,52.30771574023399,4,0,0,0,0,0,294,false
PointLight2DHeight,1000,363822.3958333333,14897.615521327016,2765.2601146778106,399.20983251640257,363.8223958333333,348.9247803120063,24.42151868616123,4,0,0,0,0,0,295,false
GpuParticles2DAmountRatio,1000,363418.75,10427.010294936004,8024.729117562867,242.95891530089222,363.41875,352.991739705064,34.85359079164796,4,0,0,0,0,0,296,false
AudioVolumeDb2D,1000,363382.8125,8728.51780726257,17264.10248000402,344.4062398073945,363.3828125,354.65429469273744,41.63167453214646,4,0,0,0,0,0,297,false
CpuParticles3DColor,1000,363297.9166666667,15742.402882205513,10591.448567308562,388.2205742044955,363.2979166666667,347.5555137844612,23.07766605804009,4,0,0,0,0,0,298,false
CpuParticles3DLifetime,1000,363270.3125,7131.430539718738,21091.973575158016,67.19862150993445,363.2703125,356.1388819602813,50.93933264535832,4,0,0,0,0,0,299,false
CpuParticles2DExplosiveness,1000,363181.25,7038.809992500937,14131.037984590794,97.673642103438,363.18125,356.1424400074991,51.59696744008276,4,0,0,0,0,0,300,false
LightEnergy2D,1000,363062.5,14235.738636363638,26683.834895911856,138.02636442665454,363.0625,348.82676136363636,25.503594107340277,4,0,0,0,0,0,301,false
GpuParticles3DLifetime,1000,363021.875,10387.313122923588,16466.816163472417,123.07504032377128,363.021875,352.6345618770764,34.9485830169934,4,0,0,0,0,0,302,false
CpuParticles2DSpread,1000,362565.1041666667,7736.460911716171,11082.361026676173,164.51287313230412,362.5651041666667,354.8286432549505,46.86446532904918,4,0,0,0,0,0,303,false
CpuParticles3DSpread,1000,362485.9375,6990.540226681532,3036.5050891292403,662.4715724340472,362.4859375,355.4953972733185,51.8537803582707,4,0,0,0,0,0,304,false
CpuParticles3DExplosiveness,1000,361996.09375,6989.483240223463,17379.363058247087,298.5232286374646,361.99609375,355.0066105097765,51.79153898914371,4,0,0,0,0,0,305,false
Label3DModulate,1000,361875,16734.129901960787,165380.10795914577,499.21874106135397,361.875,345.1408700980392,21.62496658745299,4,0,0,0,0,0,306,false
AudioStreamPlayer3DAttenuationFilterCutoffHz,1000,361489.0625,6974.535488665923,12193.594189098298,79.6955290390114,361.4890625,354.51452701133405,51.82984058041477,4,0,0,0,0,0,307,false
SpriteBase3DPixelSize,1000,361440.1041666667,8779.04394576905,17810.418060005904,157.65010226372155,361.4401041666667,352.66106022089764,41.17078196662385,4,0,0,0,0,0,308,false
CpuParticles2DSpeedScale,1000,360745.3125,8748.271648044692,18226.053791863258,217.43298368340825,360.7453125,351.9970408519553,41.23618092959304,4,0,0,0,0,0,309,false
AudioStreamPlayer3DPanningStrength,1000,360690.1041666667,7174.51500382263,22615.756263827472,27.837685407475718,360.6901041666667,353.51558916284404,50.273796064889204,4,0,0,0,0,0,310,false
Parallax2DScrollScale,1000,360167.7083333333,7715.12279079326,12638.218070524721,95.35079427147454,360.16770833333334,352.4525855425401,46.68334103031189,4,0,0,0,0,0,311,false
AudioStreamPlayer2DPanningStrength,1000,358476.0416666667,7185.946490218642,22729.350760693123,111.87448503129895,358.4760416666667,351.29009517644806,49.88570985807043,4,0,0,0,0,0,312,false
AudioStreamPlayer2DAttenuation,1000,358086.4583333333,6968.135207869339,2408.080770097078,151.47725015823147,358.0864583333333,351.118323125464,51.389137502517855,4,0,0,0,0,0,313,false
Vector4,1000,338889.0625,10556.242889647327,205032.38712471575,405.4686120020679,338.8890625,328.33281961035266,32.1031891784485,4,0,0,0,0,0,314,false
Vector3,1000,334995.8333333333,11496.979166666666,14969.471594515378,939.6794489189839,334.99583333333334,323.4988541666666,29.137726395520563,4,0,0,0,0,0,315,false
Rect2,1000,333801.0416666667,10596.889076576575,22163.23723183533,162.28444104803597,333.80104166666666,323.20415259009013,31.49990900673882,4,0,0,0,0,0,316,false
Color,1000,333404.6875,10590.859641638226,14016.023313281354,215.85279136080004,333.4046875,322.8138278583618,31.480417905758213,4,0,0,0,0,0,317,false
Vector2,1000,326332.2916666667,2654.663665254237,18414.102934364262,100.54537045859004,326.33229166666666,323.6776280014124,122.9279233892757,4,0,0,0,0,0,318,false
Float,1000,326272.65625,1958.9088361617432,36956.381230117346,304.1411209262862,326.27265625,324.31374741383826,166.55836669219062,4,0,0,0,0,0,319,false
Double,1000,325359.375,1949.6481918238994,12891.343856284217,155.02338976189515,325.359375,323.40972680817606,166.88106929467398,4,0,0,0,0,0,320,false
ShaderParameter<Vector2>,1000,167544.27083333334,93782.8431372549,2595.2167766145653,17939.37089888429,167.54427083333334,73.76142769607844,1.7865130255021773,2,0,0,0,0,0,321,false
ShaderParameter<Color>,1000,162881.25,98545.54487179487,12301.168162326107,7303.94644399955,162.88125,64.33570512820512,1.6528524979176296,2,0,0,0,0,0,322,false
ShaderParameter<Double>,1000,161017.70833333334,32907.61010362695,44042.93797473072,399.0905056003165,161.01770833333333,128.1100982297064,4.893023462545115,2,0,0,0,0,0,323,false
ShaderParameter<Int32>,1000,159771.61458333334,33662.73148148148,3926.2158502238985,784.9696057461257,159.77161458333333,126.10888310185186,4.746246295290291,0,0,0,0,0,0,324,false
ShaderParameter<Single>,1000,158673.90625,33234.358638743455,23090.28274652104,1178.709291356017,158.67390625,125.43954761125654,4.774393511690143,0,0,0,0,0,0,325,false
ShaderParameter<Vector4>,1000,157968.75,98397.08333333333,2505.9596113810135,11884.171798520196,157.96875,59.57166666666667,1.6054210617692768,2,0,0,0,0,0,326,false
ShaderParameter<Vector3>,1000,157415.10416666666,99982.48697916667,2088.5415058014964,35095.10620638821,157.41510416666665,57.432617187499986,1.5744267713551394,2,0,0,0,0,0,327,false
MaterialUv1ScaleZ,1000,124006.04166666667,36112.09291187739,34796.62482505341,1316.4970172130406,124.00604166666668,87.89394875478928,3.4339200989893515,2,0,0,0,0,0,328,false
MaterialUv1Scale,1000,122917.91666666667,35581.83001893939,40818.63537137805,1570.0981224443137,122.91791666666667,87.33608664772729,3.4545136267932337,2,0,0,0,0,0,329,false
MaterialUV2Scale,1000,121618.33333333333,35002.6187150838,2493.601327267264,251.9974984780511,121.61833333333333,86.61571461824954,3.4745495565142934,2,0,0,0,0,0,330,false
MaterialUV2OffsetY,1000,121573.95833333333,36786.70808966862,3375.2465887688227,1252.4284814863704,121.57395833333332,84.78725024366472,3.3048338556685595,0,0,0,0,0,0,331,false
MaterialUV2Offset,1000,121477.5,35512.594696969696,10696.275798148044,388.23614840034423,121.4775,85.9649053030303,3.4206878161557066,2,0,0,0,0,0,332,false
MaterialUv1OffsetX,1000,121107.29166666667,34912.34953703704,7937.9304069634045,1167.11254749569,121.10729166666667,86.19494212962964,3.4688954846246904,2,0,0,0,0,0,333,false
MaterialUv1Offset,1000,121037.29166666667,34464.42395264116,7838.718773406732,1923.3698319288042,121.03729166666668,86.57286771402552,3.5119487803709846,2,0,0,0,0,0,334,false
MaterialUV2OffsetX,1000,120976.04166666667,36576.6393442623,2572.6421788864027,287.8195305852782,120.97604166666667,84.39940232240438,3.307467384524596,2,0,0,0,0,0,335,false
MaterialUV2ScaleX,1000,119993.51415094339,35033.17039106145,1748.827759454957,971.261842287156,119.99351415094338,84.96034375988194,3.4251400261952645,0,0,0,0,0,0,336,false
MaterialUV2OffsetZ,1000,119912.08333333333,36636.18421052631,3361.6822962544993,599.3777657139242,119.91208333333333,83.27589912280702,3.273050562369434,2,0,0,0,0,0,337,false
MaterialUv1ScaleY,1000,119868.9465408805,35945.162835249044,6203.599912478218,1627.8738512506036,119.8689465408805,83.92378370563145,3.3347726671955136,0,0,0,0,0,0,338,false
MaterialUV2ScaleY,1000,119721.66666666667,35710.00236742425,8481.678222125825,1996.1426309262845,119.72166666666668,84.01166429924243,3.3526087574802412,2,0,0,0,0,0,339,false
MaterialUv1OffsetY,1000,119676.04166666667,36333.68459302326,4890.020853933062,93.0366465484985,119.67604166666668,83.34235707364341,3.2938041656707364,2,0,0,0,0,0,340,false
MaterialUV2ScaleZ,1000,119604.16666666667,36203.92581888247,8044.096975691106,539.8850464898592,119.60416666666667,83.4002408477842,3.303624233046188,2,0,0,0,0,0,341,false
MaterialUv1ScaleX,1000,119335.625,35678.02495291902,7153.294838906844,294.1285169118381,119.335625,83.65760004708098,3.3447934732226954,2,0,0,0,0,0,342,false
MaterialRoughness,1000,119311.17424242424,29814.68206951027,5292.955438608081,1130.0783975015365,119.31117424242424,89.49649217291397,4.001759065022424,1,0,0,0,0,0,343,false
MaterialAlbedoColor,1000,119229.24528301887,33236.794532627864,1614.7540091527887,828.1865423843386,119.22924528301887,85.992450750391,3.5872666711578947,0,0,0,0,0,0,344,false
MaterialEmissionEnergyMultiplier,1000,119180.41666666667,34214.34811827957,24434.676037975754,20074.565445862227,119.18041666666667,84.96606854838709,3.483346117092688,2,0,0,0,0,0,345,false
MaterialUv1OffsetZ,1000,118796.66666666667,35268.902153558054,4800.966289238507,1198.863729383882,118.79666666666667,83.52776451310862,3.368312008960053,2,0,0,0,0,0,346,false
MaterialAlbedoAlpha,1000,117689.58333333333,33568.181818181816,4013.640565501986,384.7537541470498,117.68958333333333,84.12140151515152,3.5059862333559018,2,0,0,0,0,0,347,false
MaterialEmission,1000,117664.79166666667,32291.78479381443,3458.521962758969,668.9534114251775,117.66479166666667,85.37300687285224,3.643799573729528,2,0,0,0,0,0,348,false
MaterialMetallicSpecular,1000,116217.99242424243,28188.88888888889,4801.663284360987,1226.0070642582511,116.21799242424242,88.02910353535354,4.122829845558462,1,0,0,0,0,0,349,false
MaterialEmissionIntensity,1000,116188.9274691358,36205.973025048166,927.0182274474876,445.2131754640781,116.1889274691358,79.98295444408764,3.209109375095471,0,0,0,0,0,0,350,false
MaterialNormalScale,1000,115565.98484848486,33945.04076086956,2709.989151140218,60.0781400595788,115.56598484848486,81.6209440876153,3.4045027567533386,0,0,0,0,0,0,351,false
MaterialMetallic,1000,115137.12121212122,29117.10069444444,5592.55427884217,782.6857979701698,115.13712121212122,86.02002051767678,3.9542783610350822,1,0,0,0,0,0,352,false
Property<Quaternion>,1000,105288.95833333333,32375.833333333332,2393.791679936646,3377.4688280366145,105.28895833333333,72.913125,3.2520848884198603,2,0,0,0,0,0,353,false
Property<Vector3>,1000,76958.92857142858,10818.837565674256,2335.4612418127654,375.2012019725375,76.95892857142859,66.14009100575433,7.113419358065047,1,0,0,0,0,0,354,false
Property<Rect2>,1000,75402.24358974358,10589.52712197864,2940.612427444715,561.6282498523476,75.40224358974358,64.81271646776494,7.12045426780632,1,0,0,0,0,0,355,false
Property<Color>,1000,74991.22023809525,10587.268518518518,13350.45505756899,163.7575836763788,74.99122023809525,64.40395171957674,7.0831508719105205,1,0,0,0,0,0,356,false
Property<Vector4>,1000,74258.92857142857,10539.25981228669,5121.523273902184,823.710438905272,74.25892857142857,63.719668759141875,7.045933954949793,1,0,0,0,0,0,357,false
Property<Int32>,1000,73478.85174418606,3446.355028497886,191.58904501618545,16.025051081280946,73.47885174418606,70.03249671568818,21.320743549805503,0,0,0,0,0,0,358,false
Property<Vector2>,1000,72003.05555555556,2818.5950878774224,6452.751305189709,75.89627352709,72.00305555555556,69.18446046767815,25.545725196654033,1,0,0,0,0,0,359,false
Property<Single>,1000,71583.94886363637,2186.4583333333335,5120.00725851687,26.208548655942568,71.58394886363637,69.39749053030305,32.73968123348781,0,0,0,0,0,0,360,false
Property<Double>,1000,71097.68258426967,2600.71077420242,1240.5859552032346,211.4645827215415,71.09768258426968,68.49697181006725,27.337789072709842,0,0,0,0,0,0,361,false
